DATE_CREATED,SHIFT_NAME,PART_SERIAL_NUMBER,MATERIAL_R3,MACHINE_ID,PRODUCTION_ORDER_ID,SEQUENCE,DESCRIPTION,CODE,MATERIAL_COST
2025-11-01,early,100792205886786,01-007922-05-10,2483,20963712,90,Machine system error test chamber,642,20.538
2025-11-01,early,174056904328155,01-740569-04-00,1807,20963050,180,Miscellaneous Defects,129,15.708
2025-11-01,early,174056904533232,01-740569-04-00,2513,20963674,190,Machine system error Label Verification,644,15.618
2025-11-01,early,174057004932333,01-740570-04-00,1804,20963100,20,Automatical optical check NOK,275,17.262
2025-11-01,early,174137401768061,01-741374-01-20,1812,20963887,70,MES Error,640,15.105
2025-11-01,early,174137501544012,01-741375-01-00,1792,20963243,260,Machine system error test chamber,642,15.866
2025-11-01,early,174282401167164,01-742824-01-10,2512,20963304,20,Machine system error Label Verification,644,15.179
2025-11-01,late,100814205528909,01-008142-05-10,1802,20963240,250,MES Error,640,20.497
2025-11-01,late,174056804619103,01-740568-04-00,2512,20963364,260,Machine system error Label Verification,644,11.682
2025-11-01,late,174137401474236,01-741374-01-10,2512,20963685,260,Machine Error,599,15.613
2025-11-01,late,174137401552200,01-741374-01-20,1792,20963848,230,Machine system error test chamber,642,15.092
2025-11-01,late,174282401922157,01-742824-01-10,2512,20963248,110,Milling NOK,638,15.220
2025-11-01,late,174282601946475,01-742826-01-10,1802,20963109,40,Final Test Radar NOK,635,0.939
2025-11-01,night,174137401682636,01-741374-01-20,1795,20963846,110,Automatical optical check NOK,275,15.135
2025-11-01,night,174137501312146,01-741375-01-00,1804,20963243,110,Process error,596,15.907
2025-11-01,night,174282501497455,01-742825-01-00,1806,20963320,20,Final Test Radar NOK,635,2.588
2025-11-02,early,174137401376049,01-741374-01-10,1804,20963638,260,Machine system error Label Verification,644,15.707
2025-11-02,early,174137501393983,01-741375-01-00,1806,20963243,360,Heat stacking NOK,621,15.877
2025-11-02,early,174282301895262,01-742823-01-00,1812,20963240,180,Press fit NOK,620,15.389
2025-11-02,early,174282401362773,01-742824-01-10,2483,20963611,40,MES Error,640,15.238
2025-11-02,late,174056804151564,01-740568-04-00,1806,20963114,90,MES Error,640,11.685
2025-11-02,late,174137401603534,01-741374-01-20,1807,20963846,220,Automatical optical check NOK,275,15.058
2025-11-02,late,174137501890075,01-741375-01-00,2026,20963611,220,Machine system error Label Verification,644,15.895
2025-11-02,night,100814205295200,01-008142-05-10,2026,20963797,180,Electrical fault,25,20.450
2025-11-02,night,100814205821184,01-008142-05-10,1807,20963797,50,Automatical optical check NOK,275,20.492
2025-11-02,night,174056704811249,01-740567-04-00,1804,20963452,30,Final Test Radar NOK,635,15.661
2025-11-02,night,174057004971060,01-740570-04-00,1812,20963047,230,Automatical optical check NOK,275,17.252
2025-11-02,night,174137501682783,01-741375-01-00,2483,20963301,250,Final Test Radar NOK,635,15.844
2025-11-03,early,100792205420476,01-007922-05-10,1804,20963685,70,Connection Error,602,20.513
2025-11-03,early,100814205387636,01-008142-05-10,1794,20963240,30,Machine system error Label Verification,644,20.469
2025-11-03,early,174056804223591,01-740568-04-00,1814,20963114,90,Automatical optical check NOK,275,11.664
2025-11-03,early,174137401180659,01-741374-01-10,1802,20963638,190,Machine system error Label Verification,644,15.665
2025-11-03,early,174137401544487,01-741374-01-10,1808,20963638,40,Solder paste inspection NOK,680,15.693
2025-11-03,early,174137401788505,01-741374-01-20,1795,20963846,100,Final Test Radar NOK,635,15.122
2025-11-03,early,174282301460589,01-742823-01-00,1813,20963245,240,Machine system error test chamber,642,15.381
2025-11-03,early,174282301778657,01-742823-01-00,1812,20963245,240,Final Test Radar NOK,635,15.384
2025-11-03,early,174282401775699,01-742824-01-10,2026,20963741,190,Solder paste inspection NOK,680,15.247
2025-11-03,late,174056904143829,01-740569-04-00,2512,20963569,60,Final Test Radar NOK,635,15.617
2025-11-03,late,174282401858712,01-742824-01-10,1806,20963304,220,Automatical optical check NOK,275,15.163
2025-11-03,night,100792205145864,01-007922-05-10,1804,20963045,90,Automatical optical check NOK,275,NULL
2025-11-03,night,174056904510438,01-740569-04-00,1794,20963050,240,Final Test Radar NOK,635,15.627
2025-11-03,night,174056904777051,01-740569-04-00,1807,20963050,70,Final Test Radar NOK,635,15.620
2025-11-03,night,174056904777051,01-740569-04-00,1813,20963050,70,Final Test Radar NOK,635,15.620
2025-11-03,night,174056904898134,01-740569-04-00,1804,20963741,190,Final Test Radar NOK,635,15.633
2025-11-03,night,174282301546375,01-742823-01-00,1804,20963114,180,Final Test Radar NOK,635,15.476
2025-11-04,early,174137401941390,01-741374-01-20,2026,20963452,40,Final Test Radar NOK,635,15.141
2025-11-04,early,174282301857079,01-742823-01-00,1808,20963245,250,MES Error,640,15.445
2025-11-04,late,100792205184687,01-007922-05-10,1794,20963712,250,Automatical optical check NOK,275,20.509
2025-11-04,late,100792205934755,01-007922-05-10,1794,20963685,300,MES Error,640,20.505
2025-11-04,late,174056904923652,01-740569-04-00,1806,20963569,190,Milling NOK,638,15.624
2025-11-04,late,174137401366229,01-741374-01-20,2513,20963848,360,Automatical optical check NOK,275,NULL
2025-11-04,late,174282501189913,01-742825-01-00,1807,20963066,230,Solder paste inspection NOK,680,2.609
2025-11-04,night,100792205707275,01-007922-05-10,2483,20963685,110,Process error,596,20.460
2025-11-04,night,100792205907394,01-007922-05-10,1795,20963623,250,Label position NOK,564,20.532
2025-11-04,night,174056804239952,01-740568-04-00,1792,20963114,90,Automatical optical check NOK,275,11.664
2025-11-04,night,174137401123316,01-741374-01-10,1814,20963964,190,Machine system error Label Verification,644,15.649
2025-11-05,early,174056704125317,01-740567-04-00,1814,20963887,50,Final Test Radar NOK,635,15.702
2025-11-05,early,174056704567636,01-740567-04-00,2010,20963653,40,Final Test Radar NOK,635,15.616
2025-11-05,early,174056704818534,01-740567-04-00,2513,20963119,190,Automatical optical check NOK,275,15.678
2025-11-05,early,174056904492367,01-740569-04-00,2026,20963674,250,Final Test Radar NOK,635,15.617
2025-11-05,early,174137401568802,01-741374-01-10,2010,20963638,240,Machine system error Label Verification,644,15.621
2025-11-05,early,174282301969885,01-742823-01-00,1806,20963245,120,Dispensing sealant NOK,633,15.430
2025-11-05,late,174137401859587,01-741374-01-10,1804,20963638,100,Miscellaneous Defects,129,15.659
2025-11-05,late,174282501602165,01-742825-01-00,1795,20963066,120,Final Test Radar NOK,635,2.580
2025-11-05,night,100814205156016,01-008142-05-10,2483,20963797,240,Miscellaneous Defects,129,20.491
2025-11-05,night,174056704371330,01-740567-04-00,1807,20963452,40,Machine system error test chamber,642,15.695
2025-11-05,night,174056904214675,01-740569-04-00,1806,20963301,90,Machine system error test chamber,642,15.627
2025-11-05,night,174057004513960,01-740570-04-00,1804,20963933,120,Electrical fault,25,17.248
2025-11-05,night,174282601488968,01-742826-01-10,1808,20963537,120,Final Test Radar NOK,635,NULL
2025-11-06,early,100792205579873,01-007922-05-10,1804,20963183,250,MES Error,640,20.506
2025-11-06,early,174282301904016,01-742823-01-00,2483,20963119,40,Barcode/datamatrix code quality NOK,488,15.442
2025-11-06,early,174282601232981,01-742826-01-10,1795,20963848,100,Final Test Radar NOK,635,NULL
2025-11-06,late,100792205229090,01-007922-05-10,2026,20963223,20,MES Error,640,20.527
2025-11-06,late,100814205293751,01-008142-05-10,1795,20963797,60,Machine system error test chamber,642,20.500
2025-11-06,late,174056704626392,01-740567-04-00,2010,20963685,90,Final Test Radar NOK,635,15.709
2025-11-06,late,174056904242291,01-740569-04-00,2512,20963741,70,Automatical optical check NOK,275,15.643
2025-11-06,late,174056904690913,01-740569-04-00,2010,20963050,110,Final Test Radar NOK,635,15.704
2025-11-06,late,174137401138449,01-741374-01-20,1802,20963848,120,Automatical optical check NOK,275,15.124
2025-11-06,late,174137501790666,01-741375-01-00,1806,20963243,30,MES Error,640,15.898
2025-11-06,night,100792205713566,01-007922-05-10,2026,20963304,70,Automatical optical check NOK,275,20.459
2025-11-06,night,174056904930895,01-740569-04-00,1804,20963569,30,Barcode/datamatrix code quality NOK,488,15.664
2025-11-06,night,174282401860351,01-742824-01-10,1806,20963050,60,Solder paste inspection NOK,680,15.179
2025-11-07,early,174056904509913,01-740569-04-00,2483,20963050,60,Automatical optical check NOK,275,NULL
2025-11-07,early,174282401894798,01-742824-01-10,1802,20963304,230,Miscellaneous Defects,129,15.244
2025-11-07,early,174282601169045,01-742826-01-10,1802,20963109,100,Final Test Radar NOK,635,1.008
2025-11-07,late,174056804956401,01-740568-04-00,1795,20963578,230,Automatical optical check NOK,275,11.624
2025-11-07,late,174056904938501,01-740569-04-00,1807,20963569,220,Automatical optical check NOK,275,15.657
2025-11-07,late,174137401300924,01-741374-01-20,1802,20963452,30,Machine system error Label Verification,644,15.114
2025-11-07,late,174282401380746,01-742824-01-10,1795,20963248,80,Machine system error Label Verification,644,15.238
2025-11-07,late,174282501481511,01-742825-01-00,1802,20963066,240,Final Test Radar NOK,635,2.592
2025-11-07,night,100792205165431,01-007922-05-10,2010,20963223,220,MES Error,640,20.461
2025-11-07,night,100814205318552,01-008142-05-10,1812,20963119,360,Final Test Radar NOK,635,20.458
2025-11-07,night,174056804413249,01-740568-04-00,2513,20963964,20,MES Error,640,11.600
2025-11-07,night,174056904983852,01-740569-04-00,2483,20963674,50,Automatical optical check NOK,275,15.631
2025-11-07,night,174137401917241,01-741374-01-10,1813,20963638,70,MES Error,640,15.653
2025-11-07,night,174282301652447,01-742823-01-00,2483,20963767,230,Final Test Radar NOK,635,15.387
2025-11-07,night,174282601432468,01-742826-01-10,1808,20963109,110,Machine system error Label Verification,644,1.002
2025-11-08,early,100814205222504,01-008142-05-10,1814,20963240,180,Solder paste inspection NOK,680,20.500
2025-11-08,early,174056904927895,01-740569-04-00,1806,20963741,190,MES Error,640,15.621
2025-11-08,early,174137501728605,01-741375-01-00,1795,20963301,260,Final Test Radar NOK,635,15.907
2025-11-08,early,174137501857886,01-741375-01-00,1804,20963611,240,Automatical optical check NOK,275,15.834
2025-11-08,late,174056804943019,01-740568-04-00,2513,20963964,250,MES Error,640,11.615
2025-11-08,late,174056804993631,01-740568-04-00,2512,20963114,300,Machine system error test chamber,642,11.604
2025-11-08,late,174056904394475,01-740569-04-00,2512,20963050,120,Final Test Radar NOK,635,15.694
2025-11-08,late,174137401519675,01-741374-01-20,1802,20963846,220,Automatical optical check NOK,275,15.094
2025-11-08,late,174137401926045,01-741374-01-20,1794,20963638,190,Automatical optical check NOK,275,15.115
2025-11-08,night,100814205478599,01-008142-05-10,1794,20963797,20,Solder paste inspection NOK,680,20.458
2025-11-08,night,174056704841309,01-740567-04-00,1807,20963685,20,Heat stacking NOK,621,15.708
2025-11-08,night,174056904665892,01-740569-04-00,2513,20963741,60,Final Test Radar NOK,635,15.649
2025-11-08,night,174056904919924,01-740569-04-00,1814,20963050,190,Final Test Radar NOK,635,15.686
2025-11-08,night,174282401831069,01-742824-01-10,1792,20963304,110,Final Test Radar NOK,635,15.152
2025-11-09,early,100792205260044,01-007922-05-10,1804,20963685,250,Final Test Radar NOK,635,NULL
2025-11-09,early,100792205358477,01-007922-05-10,1794,20963712,230,Final Test Radar NOK,635,20.473
2025-11-09,early,174057004807287,01-740570-04-00,1808,20963100,70,Automatical optical check NOK,275,17.203
2025-11-09,early,174282401665979,01-742824-01-10,1807,20963248,30,Barcode/datamatrix code quality NOK,488,15.200
2025-11-09,early,174282601456589,01-742826-01-10,2513,20963537,90,MES Error,640,1.001
2025-11-09,late,174056704332060,01-740567-04-00,1806,20963452,260,Dispensing sealant NOK,633,15.688
2025-11-09,late,174137401632261,01-741374-01-20,1808,20963452,180,MES Error,640,15.098
2025-11-09,late,174282401214466,01-742824-01-10,1795,20963304,250,MES Error,640,15.161
2025-11-09,night,174056804813080,01-740568-04-00,1813,20963578,90,Machine system error test chamber,642,11.650
2025-11-09,night,174137501202161,01-741375-01-00,2010,20963243,230,Automatical optical check NOK,275,15.907
2025-11-09,night,174282401424745,01-742824-01-10,2512,20963304,120,Final Test Radar NOK,635,15.198
2025-11-09,night,174282601191305,01-742826-01-10,1814,20963109,230,Miscellaneous Defects,129,0.930
2025-11-10,early,174056704181207,01-740567-04-00,1802,20963611,120,Final Test Radar NOK,635,15.649
2025-11-10,late,174056704260669,01-740567-04-00,2483,20963887,20,Final Test Radar NOK,635,15.617
2025-11-10,late,174056904798914,01-740569-04-00,2512,20963774,50,Final Test Radar NOK,635,15.614
2025-11-10,late,174282401954894,01-742824-01-10,1804,20963248,230,Machine system error Label Verification,644,15.156
2025-11-10,late,174282501774705,01-742825-01-00,1812,20963109,230,MES Error,640,2.596
2025-11-10,late,174282601111256,01-742826-01-10,2512,20963537,60,Barcode/datamatrix code quality NOK,488,0.944
2025-11-10,night,174056704135217,01-740567-04-00,1812,20963887,20,Dispensing sealant NOK,633,15.630
2025-11-10,night,174137401477360,01-741374-01-20,1813,20963848,240,Final Test Radar NOK,635,15.133
2025-11-10,night,174137401551289,01-741374-01-20,1794,20963537,60,MES Error,640,15.085
2025-11-10,night,174137501986345,01-741375-01-00,1812,20963243,260,Final Test Radar NOK,635,15.882
2025-11-10,night,174282401869390,01-742824-01-10,1794,20963248,110,Final Test Radar NOK,635,15.214
2025-11-11,early,100792205962458,01-007922-05-10,1795,20963223,230,MES Error,640,20.471
2025-11-11,early,174056704716881,01-740567-04-00,1792,20963452,50,MES Error,640,15.614
2025-11-11,early,174056704967466,01-740567-04-00,1804,20963452,100,MES Error,640,15.709
2025-11-11,early,174056904551226,01-740569-04-00,2010,20963848,20,Automatical optical check NOK,275,15.645
2025-11-11,early,174137501265722,01-741375-01-00,1792,20963301,240,Machine system error test chamber,642,15.832
2025-11-11,late,174056804524209,01-740568-04-00,2513,20963964,70,Final Test Radar NOK,635,11.684
2025-11-11,late,174056904628376,01-740569-04-00,1807,20963364,40,Automatical optical check NOK,275,15.691
2025-11-11,late,174057004785173,01-740570-04-00,2483,20963933,40,Solder paste inspection NOK,680,17.219
2025-11-11,late,174137401874814,01-741374-01-10,2026,20963623,260,Process error,596,15.705
2025-11-11,late,174137501841870,01-741375-01-00,1808,20963611,360,Final Test Radar NOK,635,15.891
2025-11-11,late,174282301458633,01-742823-01-00,1813,20963245,70,Heat stacking NOK,621,15.415
2025-11-11,late,174282301757966,01-742823-01-00,1802,20963767,20,Miscellaneous Defects,129,15.390
2025-11-11,night,100792205254850,01-007922-05-10,1813,20963712,20,Final Test Radar NOK,635,20.509
2025-11-11,night,100792205326106,01-007922-05-10,1812,20963183,110,Final Test Radar NOK,635,20.461
2025-11-11,night,174056804184100,01-740568-04-00,1802,20963253,30,Automatical optical check NOK,275,11.642
2025-11-12,early,174057004894573,01-740570-04-00,2513,20963100,20,Final Test Radar NOK,635,17.226
2025-11-12,early,174137401237064,01-741374-01-20,1807,20963452,190,Final Test Radar NOK,635,15.119
2025-11-12,late,174056704966492,01-740567-04-00,1802,20963887,250,Automatical optical check NOK,275,15.616
2025-11-12,late,174056804916634,01-740568-04-00,1812,20963114,110,Miscellaneous Defects,129,11.644
2025-11-12,late,174056904989980,01-740569-04-00,1804,20963767,110,MES Error,640,15.624
2025-11-12,late,174282301886512,01-742823-01-00,1804,20963245,20,Miscellaneous Defects,129,15.459
2025-11-12,night,174056704337232,01-740567-04-00,1814,20963452,110,Final Test Radar NOK,635,15.690
2025-11-12,night,174056704746054,01-740567-04-00,1813,20963653,50,Barcode/datamatrix code quality NOK,488,15.624
2025-11-12,night,174056804950297,01-740568-04-00,1802,20963114,250,Automatical optical check NOK,275,11.632
2025-11-12,night,174137401557019,01-741374-01-20,2010,20963452,110,Machine system error Label Verification,644,15.139
2025-11-12,night,174282501254679,01-742825-01-00,1812,20963119,40,Connection Error,602,2.554
2025-11-13,early,174057004228356,01-740570-04-00,2026,20963100,100,Machine system error test chamber,642,NULL
2025-11-13,early,174137501884330,01-741375-01-00,1806,20963243,260,Final Test Radar NOK,635,NULL
2025-11-13,early,174282601566794,01-742826-01-10,1813,20963537,220,Final Test Radar NOK,635,1.003
2025-11-13,late,100814205265039,01-008142-05-10,1802,20963253,240,Solder paste inspection NOK,680,20.462
2025-11-13,late,100814205835132,01-008142-05-10,1813,20963253,220,Automatical optical check NOK,275,20.470
2025-11-13,late,174056704725606,01-740567-04-00,1812,20963452,90,Final Test Radar NOK,635,15.685
2025-11-13,late,174056904404955,01-740569-04-00,2512,20963741,250,Solder paste inspection NOK,680,15.662
2025-11-13,late,174056904668969,01-740569-04-00,2512,20963050,220,Automatical optical check NOK,275,15.652
2025-11-13,late,174137401601903,01-741374-01-20,2512,20963846,70,Final Test Radar NOK,635,15.127
2025-11-13,late,174137501659920,01-741375-01-00,2483,20963611,70,MES Error,640,15.896
2025-11-13,night,100814205260596,01-008142-05-10,2010,20963797,220,MES Error,640,20.514
2025-11-13,night,174056904560523,01-740569-04-00,1807,20963364,20,Final Test Radar NOK,635,15.636
2025-11-13,night,174056904564971,01-740569-04-00,1804,20963774,40,Final Test Radar NOK,635,15.622
2025-11-13,night,174137401250169,01-741374-01-20,1792,20963452,110,Automatical optical check NOK,275,15.139
2025-11-14,early,100792205855408,01-007922-05-10,1792,20963223,30,Final Test Radar NOK,635,20.484
2025-11-14,early,174056904718902,01-740569-04-00,2010,20963741,190,Final Test Radar NOK,635,15.690
2025-11-14,early,174137401503093,01-741374-01-10,1795,20963320,80,Final Test Radar NOK,635,15.668
2025-11-14,early,174137401856379,01-741374-01-20,2513,20963452,220,Barcode/datamatrix code quality NOK,488,15.058
2025-11-14,early,174137501954518,01-741375-01-00,1813,20963611,300,Final Test Radar NOK,635,15.902
2025-11-14,late,174137401499783,01-741374-01-20,1806,20963848,240,Milling NOK,638,15.070
2025-11-14,late,174137401643719,01-741374-01-20,1792,20963848,70,Final Test Radar NOK,635,15.136
2025-11-14,late,174137501358462,01-741375-01-00,2512,20963611,250,MES Error,640,15.892
2025-11-14,late,174137501767399,01-741375-01-00,2513,20963611,70,Machine system error Label Verification,644,15.842
2025-11-14,night,100814205494388,01-008142-05-10,1795,20963653,300,Automatical optical check NOK,275,20.450
2025-11-14,night,174056704263860,01-740567-04-00,2010,20963452,180,Automatical optical check NOK,275,15.661
2025-11-14,night,174137401532232,01-741374-01-10,1795,20963364,30,Automatical optical check NOK,275,15.680
2025-11-14,night,174137401676710,01-741374-01-20,1814,20963848,20,Automatical optical check NOK,275,15.084
2025-11-14,night,174137401741332,01-741374-01-10,2513,20963245,110,Electrical fault,25,15.624
2025-11-14,night,174137501620230,01-741375-01-00,1802,20963243,60,Automatical optical check NOK,275,15.914
2025-11-15,early,174056704124906,01-740567-04-00,2512,20963887,120,Miscellaneous Defects,129,15.619
2025-11-15,early,174282301809176,01-742823-01-00,2026,20963452,260,Final Test Radar NOK,635,15.389
2025-11-15,late,100814205162197,01-008142-05-10,1813,20963253,120,Miscellaneous Defects,129,20.511
2025-11-15,late,174056804249458,01-740568-04-00,1806,20963964,50,Miscellaneous Defects,129,11.680
2025-11-15,late,174137401593233,01-741374-01-10,2512,20963623,220,Automatical optical check NOK,275,NULL
2025-11-15,late,174137401906731,01-741374-01-20,2483,20963848,120,Final Test Radar NOK,635,15.066
2025-11-15,late,174137501699252,01-741375-01-00,2026,20963301,110,lower limit violation,819,15.859
2025-11-15,late,174282401139434,01-742824-01-10,1794,20963248,180,Final Test Radar NOK,635,15.158
2025-11-15,late,174282501335513,01-742825-01-00,1795,20963320,50,Final Test Radar NOK,635,2.600
2025-11-15,night,174057004292148,01-740570-04-00,1802,20963100,360,Machine Error,599,17.244
2025-11-15,night,174137401455423,01-741374-01-20,1808,20963848,300,Final Test Radar NOK,635,15.092
2025-11-15,night,174137401500542,01-741374-01-10,1792,20963248,120,Automatical optical check NOK,275,15.635
2025-11-15,night,174282501859489,01-742825-01-00,1807,20963066,240,Final Test Radar NOK,635,NULL
2025-11-15,night,174282601566732,01-742826-01-10,1795,20963109,120,Final Test Radar NOK,635,0.991
2025-11-16,early,174056704466813,01-740567-04-00,1813,20963066,190,Barcode/datamatrix code quality NOK,488,15.670
2025-11-16,late,100792205871501,01-007922-05-10,1794,20963223,250,Final Test Radar NOK,635,20.529
2025-11-16,late,174137501989548,01-741375-01-00,2513,20963301,190,Miscellaneous Defects,129,15.857
2025-11-16,late,174282401230738,01-742824-01-10,1812,20963933,40,Final Test Radar NOK,635,15.153
2025-11-16,night,100792205289923,01-007922-05-10,1804,20963685,360,Automatical optical check NOK,275,20.457
2025-11-16,night,100814205528631,01-008142-05-10,1792,20963253,120,Solder paste inspection NOK,680,20.465
2025-11-16,night,174282601164872,01-742826-01-10,1808,20963109,360,Machine system error Label Verification,644,0.995
2025-11-17,early,174056704868661,01-740567-04-00,1807,20963653,220,Machine system error Label Verification,644,15.702
2025-11-17,early,174056904289214,01-740569-04-00,1808,20963364,180,Final Test Radar NOK,635,15.677
2025-11-17,early,174056904848244,01-740569-04-00,2512,20963569,60,MES Error,640,NULL
2025-11-17,early,174057004447611,01-740570-04-00,1795,20963933,120,Final Test Radar NOK,635,17.210
2025-11-17,early,174057004821819,01-740570-04-00,1807,20963100,90,Machine system error test chamber,642,17.282
2025-11-17,early,174137401729510,01-741374-01-20,2513,20963848,110,MES Error,640,15.102
2025-11-17,early,174137501978302,01-741375-01-00,2513,20963301,220,Final Test Radar NOK,635,15.844
2025-11-17,late,100814205901276,01-008142-05-10,1807,20963253,90,Final Test Radar NOK,635,20.505
2025-11-17,late,174056904966754,01-740569-04-00,2026,20963100,230,Final Test Radar NOK,635,15.668
2025-11-17,late,174137401809952,01-741374-01-10,1795,20963623,250,Final Test Radar NOK,635,15.629
2025-11-17,late,174137501310541,01-741375-01-00,1804,20963114,250,Miscellaneous Defects,129,15.867
2025-11-17,late,174137501436574,01-741375-01-00,1807,20963301,260,Final Test Radar NOK,635,15.906
2025-11-17,late,174282601223586,01-742826-01-10,1808,20963797,110,Automatical optical check NOK,275,0.971
2025-11-17,late,174282601597667,01-742826-01-10,1814,20963452,40,Solder paste inspection NOK,680,0.996
2025-11-17,night,174056704376864,01-740567-04-00,1804,20963066,220,Solder paste inspection NOK,680,NULL
2025-11-17,night,174056804198080,01-740568-04-00,1812,20963578,100,Final Test Radar NOK,635,11.655
2025-11-17,night,174056804677482,01-740568-04-00,2010,20963114,30,Dispensing sealant NOK,633,11.630
2025-11-18,early,100792205483727,01-007922-05-10,2513,20963045,80,Final Test Radar NOK,635,20.489
2025-11-18,early,100792205786134,01-007922-05-10,2512,20963223,70,Machine Error,599,20.449
2025-11-18,early,174056704963994,01-740567-04-00,2483,20963119,240,Machine system error test chamber,642,15.697
2025-11-18,early,174137501970840,01-741375-01-00,1804,20963611,260,Final Test Radar NOK,635,15.908
2025-11-18,late,100792205212745,01-007922-05-10,1814,20963223,120,Solder paste printing missing,623,20.451
2025-11-18,late,100792205566339,01-007922-05-10,2010,20963183,100,Automatical optical check NOK,275,20.483
2025-11-18,late,174056704221552,01-740567-04-00,2026,20963653,250,Electrical fault,25,15.676
2025-11-18,late,174056704955792,01-740567-04-00,1792,20963887,30,Final Test Radar NOK,635,15.698
2025-11-18,late,174056904266786,01-740569-04-00,1802,20963050,100,Final Test Radar NOK,635,15.634
2025-11-18,night,100792205527082,01-007922-05-10,1813,20963045,90,Final Test Radar NOK,635,20.474
2025-11-18,night,174056904512077,01-740569-04-00,2010,20963364,110,Automatical optical check NOK,275,15.680
2025-11-18,night,174137401102288,01-741374-01-20,2483,20963846,300,Automatical optical check NOK,275,15.138
2025-11-18,night,174137401160326,01-741374-01-10,2512,20963623,120,Solder paste inspection NOK,680,15.649
2025-11-18,night,174137401956505,01-741374-01-10,1806,20963623,70,Final Test Radar NOK,635,15.682
2025-11-18,night,174137401971044,01-741374-01-10,1795,20963623,60,Machine system error test chamber,642,15.640
2025-11-18,night,174282301770556,01-742823-01-00,1792,20963047,30,Final Test Radar NOK,635,15.404
2025-11-19,late,100792205503951,01-007922-05-10,1792,20963712,110,Final Test Radar NOK,635,20.479
2025-11-19,late,100792205858386,01-007922-05-10,1813,20963045,100,Final Test Radar NOK,635,20.515
2025-11-19,night,100814205813696,01-008142-05-10,1804,20963253,90,Press fit NOK,620,20.484
2025-11-19,night,174137401628040,01-741374-01-20,1802,20963452,250,Label position NOK,564,15.052
2025-11-19,night,174137401676363,01-741374-01-20,2513,20963848,60,Automatical optical check NOK,275,15.093
2025-11-19,night,174282401732819,01-742824-01-10,1808,20963304,250,Final Test Radar NOK,635,15.221
2025-11-20,early,100792205497024,01-007922-05-10,1802,20963685,50,Connection Error,602,20.493
2025-11-20,early,100814205546120,01-008142-05-10,2513,20963245,70,Machine system error test chamber,642,20.539
2025-11-20,early,174056804654527,01-740568-04-00,1807,20963964,80,Final Test Radar NOK,635,11.617
2025-11-20,early,174137401256130,01-741374-01-10,1792,20963623,50,Final Test Radar NOK,635,15.664
2025-11-20,late,174282501478136,01-742825-01-00,2513,20963066,20,Final Test Radar NOK,635,2.570
2025-11-20,night,100792205254261,01-007922-05-10,1813,20963045,300,MES Error,640,20.499
2025-11-20,night,100814205521326,01-008142-05-10,1792,20963304,20,Solder paste inspection NOK,680,20.452
2025-11-20,night,100814205521326,01-008142-05-10,1804,20963304,20,Solder paste inspection NOK,680,20.452
2025-11-20,night,174056804389068,01-740568-04-00,1814,20963050,260,Automatical optical check NOK,275,11.680
2025-11-20,night,174056804629778,01-740568-04-00,2026,20963578,30,Automatical optical check NOK,275,11.606
2025-11-20,night,174056904504048,01-740569-04-00,1807,20963223,80,Machine system error test chamber,642,15.676
2025-11-20,night,174056904504048,01-740569-04-00,2513,20963223,80,Machine system error test chamber,642,15.676
2025-11-20,night,174056904742191,01-740569-04-00,2026,20963741,70,Miscellaneous Defects,129,15.698
2025-11-20,night,174057004460572,01-740570-04-00,2483,20963933,100,Final Test Radar NOK,635,17.255
2025-11-20,night,174282301300553,01-742823-01-00,1804,20963301,230,Solder paste inspection NOK,680,15.435
2025-11-20,night,174282401552762,01-742824-01-10,2483,20963248,240,Machine system error Label Verification,644,15.210
2025-11-21,early,174056804578145,01-740568-04-00,2512,20963578,20,Automatical optical check NOK,275,11.695
2025-11-21,early,174056904117393,01-740569-04-00,2512,20963050,70,Final Test Radar NOK,635,15.613
2025-11-21,early,174057004764000,01-740570-04-00,1802,20963047,230,MES Error,640,17.256
2025-11-21,late,100792205884118,01-007922-05-10,1813,20963685,40,X-Ray inspection (AXI) NOK,616,NULL
2025-11-21,late,174056704330074,01-740567-04-00,1813,20963119,100,Press fit NOK,620,15.613
2025-11-21,late,174056704560823,01-740567-04-00,2483,20963887,100,Solder paste inspection NOK,680,15.616
2025-11-21,late,174056804166994,01-740568-04-00,1813,20963964,240,Automatical optical check NOK,275,11.670
2025-11-21,late,174056904429287,01-740569-04-00,2483,20963741,50,Machine system error Label Verification,644,15.646
2025-11-21,late,174137501972957,01-741375-01-00,1794,20963452,120,Machine system error test chamber,642,15.899
2025-11-21,late,174282601309422,01-742826-01-10,2010,20963623,180,Automatical optical check NOK,275,1.009
2025-11-21,night,100792205123329,01-007922-05-10,2483,20963045,300,Automatical optical check NOK,275,20.502
2025-11-21,night,100792205713805,01-007922-05-10,1812,20963183,100,Machine system error Label Verification,644,20.482
2025-11-21,night,174056704475351,01-740567-04-00,2512,20963653,220,Automatical optical check NOK,275,15.665
2025-11-21,night,174056704833832,01-740567-04-00,1813,20963452,20,Solder paste inspection NOK,680,15.620
2025-11-21,night,174056904203365,01-740569-04-00,1802,20963364,50,Final Test Radar NOK,635,15.646
2025-11-21,night,174056904898598,01-740569-04-00,1814,20963364,110,MES Error,640,15.676
2025-11-21,night,174056904948684,01-740569-04-00,1795,20963674,20,Final Test Radar NOK,635,15.696
2025-11-21,night,174057004771839,01-740570-04-00,2026,20963933,360,Automatical optical check NOK,275,17.206
2025-11-21,night,174137401732622,01-741374-01-20,2010,20963848,90,MES Error,640,15.134
2025-11-21,night,174137501490022,01-741375-01-00,1814,20963243,50,Automatical optical check NOK,275,15.841
2025-11-22,early,174056904261652,01-740569-04-00,2512,20963050,110,Machine system error Label Verification,644,15.671
2025-11-22,early,174137401397214,01-741374-01-20,1812,20963848,70,Milling NOK,638,15.127
2025-11-22,early,174137401403012,01-741374-01-10,2512,20963066,250,Final Test Radar NOK,635,15.631
2025-11-22,late,100814205935457,01-008142-05-10,1792,20963240,360,MES Error,640,20.467
2025-11-22,late,174056804414908,01-740568-04-00,2483,20963114,30,Solder paste printing missing,623,11.622
2025-11-22,late,174137401267003,01-741374-01-20,1808,20963846,230,Automatical optical check NOK,275,15.118
2025-11-22,late,174137501440277,01-741375-01-00,1792,20963248,70,Final Test Radar NOK,635,15.878
2025-11-22,late,174282601474664,01-742826-01-10,1795,20963109,360,Final Test Radar NOK,635,0.932
2025-11-22,night,100814205987409,01-008142-05-10,1795,20963712,300,MES Error,640,20.501
2025-11-22,night,174057004269174,01-740570-04-00,1804,20963047,90,Barcode/datamatrix code quality NOK,488,17.245
2025-11-22,night,174137501361897,01-741375-01-00,1802,20963243,110,Final Test Radar NOK,635,15.868
2025-11-22,night,174137501423030,01-741375-01-00,1814,20963243,30,MES Error,640,15.885
2025-11-23,early,100792205426147,01-007922-05-10,1802,20963066,300,Miscellaneous Defects,129,20.533
2025-11-23,early,100792205920710,01-007922-05-10,1802,20963712,300,Final Test Radar NOK,635,20.533
2025-11-23,early,174057004994781,01-740570-04-00,1814,20963047,190,Machine system error Label Verification,644,17.264
2025-11-23,early,174282601312281,01-742826-01-10,1804,20963537,110,Barcode/datamatrix code quality NOK,488,0.995
2025-11-23,late,100814205772566,01-008142-05-10,1808,20963240,20,Solder paste inspection NOK,680,20.497
2025-11-23,late,174056904839525,01-740569-04-00,1814,20963364,30,Final Test Radar NOK,635,15.651
2025-11-23,late,174137401230485,01-741374-01-20,2010,20963846,230,Final Test Radar NOK,635,15.141
2025-11-23,night,100814205314081,01-008142-05-10,2010,20963253,110,MES Error,640,20.455
2025-11-23,night,174056704485570,01-740567-04-00,2010,20963887,80,Final Test Radar NOK,635,15.654
2025-11-23,night,174056804373652,01-740568-04-00,1813,20963712,360,Machine system error test chamber,642,11.654
2025-11-23,night,174056904734343,01-740569-04-00,1804,20963050,190,Final Test Radar NOK,635,15.691
2025-11-23,night,174137501800990,01-741375-01-00,1792,20963243,110,Final Test Radar NOK,635,15.865
2025-11-23,night,174282501236659,01-742825-01-00,1792,20963320,220,Machine system error test chamber,642,2.552
2025-11-24,early,100814205513037,01-008142-05-10,2010,20963253,120,Machine system error Label Verification,644,20.534
2025-11-24,early,100814205802059,01-008142-05-10,2483,20963109,20,Final Test Radar NOK,635,20.449
2025-11-24,early,174282501190582,01-742825-01-00,1804,20963223,190,Machine system error Label Verification,644,2.590
2025-11-24,late,174137401503489,01-741374-01-20,2512,20963245,90,Miscellaneous Defects,129,15.070
2025-11-24,late,174282301793722,01-742823-01-00,2026,20963245,20,Solder paste inspection NOK,680,15.410
2025-11-24,late,174282501214143,01-742825-01-00,1813,20963066,90,Final Test Radar NOK,635,2.550
2025-11-25,early,100792205241268,01-007922-05-10,1794,20963045,300,Barcode/datamatrix code quality NOK,488,20.446
2025-11-25,early,174056904325914,01-740569-04-00,1802,20963674,90,Solder paste inspection NOK,680,15.626
2025-11-25,early,174056904442521,01-740569-04-00,1802,20963774,20,MES Error,640,15.681
2025-11-25,early,174056904571832,01-740569-04-00,2512,20963119,250,Final Test Radar NOK,635,15.623
2025-11-25,early,174282301769944,01-742823-01-00,2512,20963320,90,Machine system error Label Verification,644,15.467
2025-11-25,early,174282501104633,01-742825-01-00,1795,20963066,110,Final Test Radar NOK,635,2.515
2025-11-25,late,100792205884149,01-007922-05-10,2010,20963183,220,Final Test Radar NOK,635,20.530
2025-11-25,late,174056904433325,01-740569-04-00,1794,20963569,80,Final Test Radar NOK,635,15.637
2025-11-25,late,174057004276636,01-740570-04-00,1795,20963933,20,Final Test Radar NOK,635,17.205
2025-11-25,late,174137501235670,01-741375-01-00,1802,20963243,80,MES Error,640,15.867
2025-11-25,night,174056804675006,01-740568-04-00,2483,20963578,40,Final Test Radar NOK,635,11.664
2025-11-25,night,174057004108602,01-740570-04-00,1808,20963933,40,Label position NOK,564,17.191
2025-11-25,night,174137401231465,01-741374-01-20,2026,20963848,110,Final Test Radar NOK,635,15.147
2025-11-25,night,174137401947609,01-741374-01-20,1806,20963848,120,Automatical optical check NOK,275,15.072
2025-11-25,night,174282501273148,01-742825-01-00,1812,20963320,250,Solder paste inspection NOK,680,2.552
2025-11-26,early,174057004780374,01-740570-04-00,2513,20963933,20,Final Test Radar NOK,635,17.229
2025-11-26,early,174137401512504,01-741374-01-10,2513,20963797,100,Final Test Radar NOK,635,15.705
2025-11-26,early,174137501330753,01-741375-01-00,2513,20963119,50,MES Error,640,15.882
2025-11-26,late,100814205119401,01-008142-05-10,2483,20963797,240,Final Test Radar NOK,635,20.491
2025-11-26,late,174056704656639,01-740567-04-00,1812,20963119,70,Final Test Radar NOK,635,15.701
2025-11-26,late,174056904218083,01-740569-04-00,1792,20963774,80,Automatical optical check NOK,275,15.611
2025-11-26,late,174137401140845,01-741374-01-20,2010,20963452,190,MES Error,640,15.095
2025-11-26,late,174282601539674,01-742826-01-10,1812,20963887,300,Automatical optical check NOK,275,0.935
2025-11-26,night,100814205219408,01-008142-05-10,2026,20963253,240,Machine system error Label Verification,644,20.508
2025-11-26,night,174056704944178,01-740567-04-00,1794,20963653,110,MES Error,640,15.675
2025-11-26,night,174137401163746,01-741374-01-10,1807,20963623,190,MES Error,640,15.678
2025-11-27,early,174056704420415,01-740567-04-00,1792,20963653,240,Final Test Radar NOK,635,15.644
2025-11-27,early,174056904270623,01-740569-04-00,1804,20963741,360,MES Error,640,15.643
2025-11-27,early,174137401141316,01-741374-01-20,1794,20963887,60,Final Test Radar NOK,635,15.087
2025-11-27,late,100792205731371,01-007922-05-10,1806,20963712,40,Automatical optical check NOK,275,20.520
2025-11-27,late,100814205260470,01-008142-05-10,1812,20963797,120,Final Test Radar NOK,635,20.538
2025-11-27,late,174056704829884,01-740567-04-00,1804,20963452,240,MES Error,640,15.672
2025-11-27,late,174056904985447,01-740569-04-00,1802,20963569,250,Machine system error Label Verification,644,15.694
2025-11-27,late,174282301688861,01-742823-01-00,2513,20963304,220,MES Error,640,15.422
2025-11-27,night,174056704164518,01-740567-04-00,1814,20963452,30,Final Test Radar NOK,635,15.679
2025-11-27,night,174056904133670,01-740569-04-00,1806,20963741,50,MES Error,640,15.658
2025-11-27,night,174057004171461,01-740570-04-00,1794,20963100,100,Final Test Radar NOK,635,17.232
2025-11-27,night,174057004893784,01-740570-04-00,1792,20963578,110,Electrical fault,25,17.280
2025-11-27,night,174137501362372,01-741375-01-00,1806,20963611,30,Final Test Radar NOK,635,15.912
2025-11-27,night,174282601289353,01-742826-01-10,1794,20963109,240,Final Test Radar NOK,635,0.945
2025-11-28,early,100792205762002,01-007922-05-10,2010,20963045,30,Miscellaneous Defects,129,20.460
2025-11-28,early,174056704194089,01-740567-04-00,1806,20963653,80,Barcode/datamatrix code quality NOK,488,15.667
2025-11-28,early,174056704364955,01-740567-04-00,1804,20963119,220,Final Test Radar NOK,635,15.617
2025-11-28,early,174137401854701,01-741374-01-10,1808,20963638,240,Final Test Radar NOK,635,15.616
2025-11-28,early,174282401196216,01-742824-01-10,1806,20963248,300,Machine system error Label Verification,644,15.233
2025-11-28,late,100792205106188,01-007922-05-10,2026,20963183,20,Machine system error Label Verification,644,20.446
2025-11-28,late,174282501153457,01-742825-01-00,2512,20963887,260,Connection Error,602,2.521
2025-11-28,night,174056904233011,01-740569-04-00,2010,20963741,100,Barcode/datamatrix code quality NOK,488,15.625
2025-11-28,night,174056904542244,01-740569-04-00,1794,20963569,110,Final Test Radar NOK,635,15.632
2025-11-28,night,174057004884794,01-740570-04-00,1812,20963933,90,Final Test Radar NOK,635,17.246
2025-11-28,night,174137401665158,01-741374-01-20,1812,20963846,300,Milling NOK,638,15.140
2025-11-28,night,174137501478752,01-741375-01-00,1814,20963611,250,Final Test Radar NOK,635,15.917
2025-11-28,night,174282401764118,01-742824-01-10,2010,20963304,240,Barcode/datamatrix code quality NOK,488,15.226
2025-11-29,early,100814205248568,01-008142-05-10,1808,20963253,70,Machine system error test chamber,642,20.514
2025-11-29,early,174056904566046,01-740569-04-00,1792,20963741,260,MES Error,640,15.673
2025-11-29,early,174056904731661,01-740569-04-00,1804,20963050,40,Communication to PCBA failed,607,15.705
2025-11-29,early,174137401241246,01-741374-01-10,2010,20963638,250,Final Test Radar NOK,635,15.653
2025-11-29,late,100814205185927,01-008142-05-10,1795,20963240,30,Milling NOK,638,20.529
2025-11-29,late,174056904466496,01-740569-04-00,1792,20963050,300,Final Test Radar NOK,635,15.659
2025-11-29,late,174137401542306,01-741374-01-20,2026,20963846,40,Automatical optical check NOK,275,15.081
2025-11-29,late,174282401543504,01-742824-01-10,1807,20963248,90,Final Test Radar NOK,635,15.159
2025-11-30,early,100814205638618,01-008142-05-10,1806,20963240,120,Check of fault status NOK,612,20.535
2025-11-30,early,174056704989265,01-740567-04-00,1808,20963248,30,Communication to PCBA failed,607,15.696
2025-11-30,early,174056804935762,01-740568-04-00,1813,20963114,230,MES Error,640,11.656
2025-11-30,early,174137501422662,01-741375-01-00,1814,20963611,50,Automatical optical check NOK,275,15.877
2025-11-30,early,174137501756359,01-741375-01-00,1795,20963301,90,Final Test Radar NOK,635,15.901
2025-11-30,early,174137501756359,01-741375-01-00,1804,20963301,90,Final Test Radar NOK,635,15.901
2025-11-30,early,174282401804039,01-742824-01-10,1794,20963304,50,Machine system error Label Verification,644,15.174
2025-11-30,late,100792205105184,01-007922-05-10,2513,20963712,70,Final Test Radar NOK,635,20.450
2025-11-30,late,174056704894244,01-740567-04-00,2026,20963119,90,MES Error,640,15.634
2025-11-30,late,174137401766812,01-741374-01-10,1812,20963611,20,Automatical optical check NOK,275,15.642
2025-11-30,late,174282601608608,01-742826-01-10,2483,20963109,20,MES Error,640,0.979
2025-11-30,late,174282601608608,01-742826-01-10,2513,20963109,20,MES Error,640,0.979
2025-11-30,night,100792205331522,01-007922-05-10,1804,20963183,30,Final Test Radar NOK,635,20.537
2025-11-30,night,174056704733643,01-740567-04-00,1802,20963653,30,MES Error,640,15.690
2025-11-30,night,174137401234797,01-741374-01-10,1804,20963638,360,Final Test Radar NOK,635,15.696
2025-11-30,night,174282301796241,01-742823-01-00,2026,20963245,90,Check of fault status NOK,612,15.387
2025-12-01,early,174056704182300,01-740567-04-00,2513,20963578,360,Electrical fault,25,15.686
2025-12-01,early,174137401897178,01-741374-01-10,2512,20963623,60,Automatical optical check NOK,275,15.622
2025-12-01,early,174137401938068,01-741374-01-20,1812,20963848,260,Label position NOK,564,15.075
2025-12-01,early,174137501738550,01-741375-01-00,2010,20963243,300,Final Test Radar NOK,635,15.866
2025-12-01,early,174137501933729,01-741375-01-00,1802,20963243,220,MES Error,640,NULL
2025-12-01,late,174056804720145,01-740568-04-00,1807,20963578,90,Final Test Radar NOK,635,11.607
2025-12-01,late,174137401453026,01-741374-01-20,1802,20963304,70,Final Test Radar NOK,635,15.081
2025-12-01,night,100792205888680,01-007922-05-10,1792,20963045,40,MES Error,640,20.476
2025-12-01,night,174057004320861,01-740570-04-00,1814,20963933,80,Final Test Radar NOK,635,17.241
2025-12-01,night,174282601741233,01-742826-01-10,1806,20963685,300,Machine system error Label Verification,644,1.006
2025-12-02,early,100814205126135,01-008142-05-10,2026,20963240,240,Barcode/datamatrix code quality NOK,488,20.535
2025-12-02,early,174056804107594,01-740568-04-00,1792,20963578,180,Machine system error Label Verification,644,11.675
2025-12-02,early,174137401796926,01-741374-01-20,1807,20963452,230,Machine system error Label Verification,644,15.087
2025-12-02,early,174282301156652,01-742823-01-00,2010,20963767,110,Final Test Radar NOK,635,15.423
2025-12-02,late,174056804146038,01-740568-04-00,1806,20963964,120,Machine system error Label Verification,644,11.687
2025-12-02,late,174137401257352,01-741374-01-20,1792,20963848,50,Solder paste inspection NOK,680,15.071
2025-12-02,late,174137401717454,01-741374-01-10,1795,20963638,110,Final Test Radar NOK,635,15.631
2025-12-02,night,100814205368727,01-008142-05-10,1814,20963240,80,Final Test Radar NOK,635,20.530
2025-12-02,night,174056704369761,01-740567-04-00,1806,20963047,20,Final Test Radar NOK,635,15.689
2025-12-02,night,174056704550763,01-740567-04-00,1807,20963887,190,Final Test Radar NOK,635,15.617
2025-12-02,night,174056904117707,01-740569-04-00,1802,20963050,360,Final Test Radar NOK,635,15.635
2025-12-02,night,174057004813586,01-740570-04-00,1814,20963933,70,Machine system error test chamber,642,17.266
2025-12-02,night,174282601316394,01-742826-01-10,2483,20963109,110,Final Test Radar NOK,635,1.019
2025-12-03,early,100792205196753,01-007922-05-10,1794,20963685,300,Communication to PCBA failed,607,20.469
2025-12-03,early,100814205439044,01-008142-05-10,1795,20963253,30,Barcode/datamatrix code quality NOK,488,20.491
2025-12-03,early,100814205953047,01-008142-05-10,1807,20963253,30,Machine system error Label Verification,644,20.475
2025-12-03,early,174056704472856,01-740567-04-00,2513,20963887,70,Automatical optical check NOK,275,15.669
2025-12-03,early,174056804245584,01-740568-04-00,1812,20963578,110,Final Test Radar NOK,635,11.649
2025-12-03,early,174137401846389,01-741374-01-20,1813,20963848,70,Connection Error,602,15.134
2025-12-03,early,174137501489444,01-741375-01-00,1813,20963243,90,Miscellaneous Defects,129,15.848
2025-12-03,early,174282301859670,01-742823-01-00,2026,20963364,190,Miscellaneous Defects,129,15.402
2025-12-03,early,174282601566927,01-742826-01-10,1813,20963537,100,Final Test Radar NOK,635,0.928
2025-12-03,late,100792205319310,01-007922-05-10,1795,20963964,250,Final Test Radar NOK,635,20.521
2025-12-03,late,100792205722234,01-007922-05-10,1808,20963712,40,Barcode/datamatrix code quality NOK,488,20.480
2025-12-03,late,174056904467623,01-740569-04-00,1808,20963364,40,Machine system error Label Verification,644,15.615
2025-12-03,late,174282501677112,01-742825-01-00,1814,20963320,120,Automatical optical check NOK,275,2.562
2025-12-03,night,174056804688072,01-740568-04-00,1813,20963114,90,Automatical optical check NOK,275,11.688
2025-12-03,night,174056904544336,01-740569-04-00,2512,20963050,30,Electrical fault,25,15.691
2025-12-03,night,174056904552492,01-740569-04-00,2483,20963050,20,Final Test Radar NOK,635,15.666
2025-12-03,night,174056904602172,01-740569-04-00,1794,20963364,70,Final Test Radar NOK,635,15.668
2025-12-03,night,174137501337248,01-741375-01-00,1804,20963243,260,Solder paste inspection NOK,680,15.862
2025-12-04,early,174056904271339,01-740569-04-00,2512,20963774,190,Final Test Radar NOK,635,15.709
2025-12-04,early,174057004867541,01-740570-04-00,1795,20963933,260,Automatical optical check NOK,275,17.289
2025-12-04,late,100792205688942,01-007922-05-10,1808,20963045,250,Solder paste inspection NOK,680,20.462
2025-12-04,late,174137401400536,01-741374-01-10,1813,20963623,40,Final Test Radar NOK,635,15.643
2025-12-04,late,174282401477712,01-742824-01-10,1814,20963248,220,Automatical optical check NOK,275,15.151
2025-12-04,night,100792205836989,01-007922-05-10,1802,20963183,360,Final Test Radar NOK,635,20.444
2025-12-04,night,174056904458955,01-740569-04-00,2010,20963364,100,Solder paste inspection NOK,680,15.658
2025-12-04,night,174056904827250,01-740569-04-00,2010,20963569,90,Solder paste inspection NOK,680,15.691
2025-12-04,night,174057004465790,01-740570-04-00,1814,20963638,190,Solder paste inspection NOK,680,17.232
2025-12-04,night,174282301610859,01-742823-01-00,1804,20963301,260,Final Test Radar NOK,635,15.420
2025-12-05,early,100814205755674,01-008142-05-10,1813,20963245,250,Solder paste inspection NOK,680,20.460
2025-12-05,early,174056904158896,01-740569-04-00,1808,20963569,360,Final Test Radar NOK,635,15.612
2025-12-05,early,174056904186847,01-740569-04-00,2483,20963050,50,Automatical optical check NOK,275,15.681
2025-12-05,early,174056904969097,01-740569-04-00,1806,20963774,40,Final Test Radar NOK,635,15.685
2025-12-05,early,174057004296059,01-740570-04-00,1806,20963047,250,Automatical optical check NOK,275,17.233
2025-12-05,early,174282501631972,01-742825-01-00,1804,20963066,230,Miscellaneous Defects,129,2.572
2025-12-05,late,174056704996922,01-740567-04-00,2512,20963887,180,Milling NOK,638,15.631
2025-12-05,late,174137401162448,01-741374-01-20,1792,20963452,60,Solder paste inspection NOK,680,15.120
2025-12-05,late,174137401792829,01-741374-01-20,1807,20963848,110,Final Test Radar NOK,635,15.140
2025-12-05,late,174137401920391,01-741374-01-20,1814,20963537,90,Final Test Radar NOK,635,15.066
2025-12-05,late,174137401920391,01-741374-01-20,2483,20963537,90,Final Test Radar NOK,635,15.066
2025-12-05,late,174137501495266,01-741375-01-00,1804,20963611,300,Solder paste inspection NOK,680,15.899
2025-12-05,late,174282501622659,01-742825-01-00,1808,20963245,250,Press fit NOK,620,2.548
2025-12-05,late,174282601678866,01-742826-01-10,2512,20963066,190,Final Test Radar NOK,635,0.943
2025-12-05,night,174056704615530,01-740567-04-00,1802,20963767,190,MES Error,640,15.662
2025-12-05,night,174056704616780,01-740567-04-00,1814,20963653,230,Barcode/datamatrix code quality NOK,488,15.619
2025-12-05,night,174056904837852,01-740569-04-00,1808,20963569,250,Machine system error Label Verification,644,15.693
2025-12-05,night,174057004732672,01-740570-04-00,2513,20963933,20,X-Ray inspection (AXI) NOK,616,17.210
2025-12-05,night,174137401896869,01-741374-01-10,1808,20963623,250,Final Test Radar NOK,635,15.676
2025-12-05,night,174137501346355,01-741375-01-00,1792,20963301,180,Machine system error Label Verification,644,15.889
2025-12-05,night,174282501767814,01-742825-01-00,1814,20963452,50,Final Test Radar NOK,635,2.566
2025-12-05,night,174282601254376,01-742826-01-10,2513,20963537,50,Automatical optical check NOK,275,1.004
2025-12-05,night,174282601580067,01-742826-01-10,2026,20963537,70,Machine system error Label Verification,644,0.930
2025-12-06,early,100814205531612,01-008142-05-10,2483,20963240,30,Assemble/close housing failure,46,20.526
2025-12-06,early,174056704486715,01-740567-04-00,1795,20963887,60,MES Error,640,15.628
2025-12-06,early,174056804671161,01-740568-04-00,2483,20963578,190,Final Test Radar NOK,635,11.600
2025-12-06,early,174056904105582,01-740569-04-00,2512,20963223,120,Automatical optical check NOK,275,15.675
2025-12-06,early,174056904470764,01-740569-04-00,1804,20963569,40,Final Test Radar NOK,635,15.680
2025-12-06,early,174137401371187,01-741374-01-20,2513,20963846,120,Final Test Radar NOK,635,15.107
2025-12-06,early,174282501527896,01-742825-01-00,1807,20963066,50,Machine system error Label Verification,644,2.512
2025-12-06,late,100792205923062,01-007922-05-10,2010,20963712,30,Electrical fault,25,20.456
2025-12-06,late,174056704417993,01-740567-04-00,1813,20963887,250,Machine system error test chamber,642,15.672
2025-12-06,night,100792205432799,01-007922-05-10,2026,20963045,100,Automatical optical check NOK,275,20.494
2025-12-06,night,100792205607719,01-007922-05-10,1812,20963320,300,Machine system error test chamber,642,20.500
2025-12-06,night,174056704773429,01-740567-04-00,2513,20963320,80,Final Test Radar NOK,635,15.667
2025-12-06,night,174056704898606,01-740567-04-00,1812,20963243,100,Final Test Radar NOK,635,15.678
2025-12-06,night,174137401115649,01-741374-01-20,2010,20963653,180,MES Error,640,15.137
2025-12-06,night,174282601548981,01-742826-01-10,2513,20963537,240,Final Test Radar NOK,635,0.960
2025-12-07,early,100792205101493,01-007922-05-10,1813,20963685,180,MES Error,640,20.509
2025-12-07,early,174056904376331,01-740569-04-00,1808,20963050,220,Heat stacking NOK,621,15.657
2025-12-07,early,174137401127470,01-741374-01-10,1812,20963623,360,Machine system error Label Verification,644,15.671
2025-12-07,early,174282401800318,01-742824-01-10,1813,20963304,110,Final Test Radar NOK,635,15.209
2025-12-07,early,174282401823808,01-742824-01-10,2483,20963685,360,Final Test Radar NOK,635,15.192
2025-12-07,early,174282601441288,01-742826-01-10,1806,20963537,100,Machine system error test chamber,642,1.001
2025-12-07,late,174137501639728,01-741375-01-00,2512,20963611,240,Final Test Radar NOK,635,15.870
2025-12-07,late,174282601860548,01-742826-01-10,1792,20963537,360,Automatical optical check NOK,275,0.936
2025-12-07,night,174056704389329,01-740567-04-00,2513,20963887,250,MES Error,640,15.621
2025-12-07,night,174282401289170,01-742824-01-10,1813,20963537,20,Final Test Radar NOK,635,15.166
2025-12-08,early,100814205181588,01-008142-05-10,2010,20963240,360,Final Test Radar NOK,635,20.443
2025-12-08,early,174056704106879,01-740567-04-00,1806,20963537,90,Final Test Radar NOK,635,15.617
2025-12-08,early,174282401333066,01-742824-01-10,2010,20963304,230,Miscellaneous Defects,129,15.151
2025-12-08,early,174282601895450,01-742826-01-10,1814,20963109,300,MES Error,640,0.985
2025-12-08,late,174282401712859,01-742824-01-10,1813,20963304,180,Final Test Radar NOK,635,15.243
2025-12-08,night,174137501837357,01-741375-01-00,1813,20963243,240,Final Test Radar NOK,635,15.837
2025-12-09,early,174282301152201,01-742823-01-00,2026,20963685,360,Milling NOK,638,15.440
2025-12-09,early,174282401294589,01-742824-01-10,1795,20963248,40,Electrical fault,25,15.193
2025-12-09,early,174282601565726,01-742826-01-10,1802,20963611,50,Automatical optical check NOK,275,0.977
2025-12-09,late,100792205290724,01-007922-05-10,2026,20963183,190,Machine system error Label Verification,644,20.462
2025-12-09,late,100792205629663,01-007922-05-10,2026,20963248,50,Miscellaneous Defects,129,20.464
2025-12-09,late,100792205818437,01-007922-05-10,1802,20963685,220,Final Test Radar NOK,635,20.500
2025-12-09,late,174137401681208,01-741374-01-20,1807,20963452,110,Final Test Radar NOK,635,15.059
2025-12-09,late,174137501468117,01-741375-01-00,1804,20963301,250,Final Test Radar NOK,635,15.838
2025-12-09,late,174137501975698,01-741375-01-00,2512,20963301,70,Final Test Radar NOK,635,15.912
2025-12-09,late,174282301436768,01-742823-01-00,1813,20963767,30,Automatical optical check NOK,275,15.403
2025-12-09,night,100792205870621,01-007922-05-10,1807,20963045,30,Solder paste inspection NOK,680,20.522
2025-12-09,night,100814205580870,01-008142-05-10,1814,20963797,50,Automatical optical check NOK,275,20.499
2025-12-09,night,174057004773262,01-740570-04-00,2483,20963537,60,Automatical optical check NOK,275,17.212
2025-12-09,night,174137401699083,01-741374-01-20,1807,20963452,260,lower limit violation,819,15.150
2025-12-10,early,100792205515131,01-007922-05-10,1807,20963223,110,Milling NOK,638,20.529
2025-12-10,early,100792205517848,01-007922-05-10,1802,20963100,120,MES Error,640,20.447
2025-12-10,early,100814205773226,01-008142-05-10,1794,20963240,90,Solder paste inspection NOK,680,20.539
2025-12-10,early,174137401871139,01-741374-01-20,2513,20963109,120,Final Test Radar NOK,635,15.093
2025-12-10,early,174282601975512,01-742826-01-10,1806,20963109,250,Final Test Radar NOK,635,0.976
2025-12-10,late,100792205263201,01-007922-05-10,2512,20963685,90,MES Error,640,20.477
2025-12-10,late,174282401736933,01-742824-01-10,1795,20963248,20,Final Test Radar NOK,635,15.165
2025-12-10,night,100792205979668,01-007922-05-10,2512,20963045,40,Machine system error test chamber,642,20.501
2025-12-10,night,174056804831351,01-740568-04-00,2010,20963114,190,Heat stacking NOK,621,11.688
2025-12-10,night,174056904948014,01-740569-04-00,1795,20963674,300,Automatical optical check NOK,275,15.664
2025-12-10,night,174137401552025,01-741374-01-10,1794,20963638,110,Miscellaneous Defects,129,15.664
2025-12-10,night,174137401817611,01-741374-01-20,2483,20963452,60,Solder paste inspection NOK,680,15.060
2025-12-10,night,174137401954064,01-741374-01-10,1802,20963638,40,Connection Error,602,15.661
2025-12-10,night,174282501645377,01-742825-01-00,1806,20963320,50,Final Test Radar NOK,635,2.574
2025-12-11,early,100792205205242,01-007922-05-10,1802,20963183,110,Final Test Radar NOK,635,20.507
2025-12-11,early,100792205436030,01-007922-05-10,2010,20963741,100,MES Error,640,20.508
2025-12-11,early,100814205400487,01-008142-05-10,1812,20963797,260,Final Test Radar NOK,635,20.517
2025-12-11,early,174056704163920,01-740567-04-00,1792,20963452,20,Machine system error Label Verification,644,15.662
2025-12-11,early,174057004783185,01-740570-04-00,1813,20963100,250,Final Test Radar NOK,635,17.233
2025-12-11,early,174137401873406,01-741374-01-10,2026,20963685,220,Solder paste inspection NOK,680,15.635
2025-12-11,late,100792205740361,01-007922-05-10,2483,20963223,300,Machine system error test chamber,642,20.473
2025-12-11,late,100792205861925,01-007922-05-10,2026,20963767,240,Final Test Radar NOK,635,20.509
2025-12-11,late,100792205888513,01-007922-05-10,2483,20963223,260,Automatical optical check NOK,275,20.498
2025-12-11,late,174056704738206,01-740567-04-00,1802,20963452,80,Final Test Radar NOK,635,NULL
2025-12-11,late,174056904381399,01-740569-04-00,1792,20963364,80,Machine system error Label Verification,644,15.611
2025-12-11,late,174056904891638,01-740569-04-00,1812,20963364,50,MES Error,640,15.676
2025-12-11,late,174057004185916,01-740570-04-00,2513,20963047,50,Final Test Radar NOK,635,17.268
2025-12-11,late,174137401789137,01-741374-01-10,1804,20963623,100,Final Test Radar NOK,635,15.656
2025-12-11,late,174282501906297,01-742825-01-00,1806,20963320,30,Final Test Radar NOK,635,2.561
2025-12-11,late,174282601534153,01-742826-01-10,1794,20963109,120,Final Test Radar NOK,635,0.976
2025-12-11,night,174056704774725,01-740567-04-00,1802,20963452,300,Final Test Radar NOK,635,15.654
2025-12-11,night,174056804931027,01-740568-04-00,2483,20963964,260,Final Test Radar NOK,635,11.610
2025-12-11,night,174056904552091,01-740569-04-00,2483,20963364,300,Final Test Radar NOK,635,15.664
2025-12-12,early,174056704444519,01-740567-04-00,1804,20963653,360,Electrical fault,25,15.638
2025-12-12,early,174056904688207,01-740569-04-00,1812,20963364,360,Automatical optical check NOK,275,15.675
2025-12-12,early,174057004411762,01-740570-04-00,2026,20963774,90,Automatical optical check NOK,275,17.248
2025-12-12,early,174137401610243,01-741374-01-20,2483,20963452,80,Milling NOK,638,15.063
2025-12-12,early,174137401886343,01-741374-01-10,1806,20963638,80,Final Test Radar NOK,635,15.708
2025-12-12,early,174282501320550,01-742825-01-00,2026,20963066,110,Final Test Radar NOK,635,2.514
2025-12-12,late,100792205165711,01-007922-05-10,2512,20963045,110,Final Test Radar NOK,635,20.531
2025-12-12,late,100814205125143,01-008142-05-10,1794,20963797,300,Miscellaneous Defects,129,20.451
2025-12-12,late,174137401163714,01-741374-01-10,1806,20963623,30,Final Test Radar NOK,635,15.683
2025-12-12,late,174282301679896,01-742823-01-00,1795,20963767,60,Barcode/datamatrix code quality NOK,488,15.466
2025-12-12,night,100792205886804,01-007922-05-10,1812,20963223,260,MES Error,640,20.502
2025-12-12,night,174056704995647,01-740567-04-00,1814,20963887,220,Final Test Radar NOK,635,15.619
2025-12-12,night,174056904134183,01-740569-04-00,1804,20963741,190,Automatical optical check NOK,275,15.706
2025-12-12,night,174137401378422,01-741374-01-10,1812,20963623,360,Machine system error Label Verification,644,15.671
2025-12-12,night,174137501217971,01-741375-01-00,1808,20963243,300,Barcode/datamatrix code quality NOK,488,15.849
2025-12-12,night,174282301384303,01-742823-01-00,1812,20963245,60,Automatical optical check NOK,275,15.439
2025-12-12,night,174282401507423,01-742824-01-10,2026,20963248,30,Final Test Radar NOK,635,15.198
2025-12-13,early,174137401128832,01-741374-01-20,1792,20963848,300,Automatical optical check NOK,275,15.081
2025-12-13,early,174282601487180,01-742826-01-10,1802,20963611,300,Final Test Radar NOK,635,0.963
2025-12-13,late,100792205335765,01-007922-05-10,1813,20963045,70,MES Error,640,20.497
2025-12-13,late,100792205971427,01-007922-05-10,1802,20963933,260,Solder paste inspection NOK,680,20.461
2025-12-13,late,100814205473078,01-008142-05-10,1794,20963933,220,Machine system error test chamber,642,20.495
2025-12-13,late,174282301291663,01-742823-01-00,1807,20963767,240,Solder paste printing missing,623,15.403
2025-12-13,late,174282401416096,01-742824-01-10,1812,20963248,180,MES Error,640,15.196
2025-12-13,night,174057004304054,01-740570-04-00,2010,20963100,230,Machine system error Label Verification,644,17.276
2025-12-13,night,174282301500016,01-742823-01-00,1806,20963245,100,Final Test Radar NOK,635,15.480
2025-12-14,early,174056804125611,01-740568-04-00,1794,20963578,90,MES Error,640,11.661
2025-12-14,early,174056804222930,01-740568-04-00,1804,20963578,190,Miscellaneous Defects,129,11.670
2025-12-14,early,174056804894586,01-740568-04-00,1807,20963674,40,Communication to PCBA failed,607,11.693
2025-12-14,early,174057004412856,01-740570-04-00,2512,20963100,260,Milling NOK,638,17.243
2025-12-14,early,174137401357269,01-741374-01-10,1808,20963623,230,Final Test Radar NOK,635,15.625
2025-12-14,early,174282401109389,01-742824-01-10,1806,20963712,260,Final Test Radar NOK,635,15.207
2025-12-14,late,100814205122755,01-008142-05-10,1812,20963797,260,Machine system error test chamber,642,20.496
2025-12-14,late,174056904504103,01-740569-04-00,1804,20963050,180,Final Test Radar NOK,635,15.633
2025-12-14,late,174137501308902,01-741375-01-00,1806,20963611,110,Final Test Radar NOK,635,15.890
2025-12-14,night,174282301370587,01-742823-01-00,2010,20963767,190,Check of fault status NOK,612,15.450
2025-12-15,early,174056704641343,01-740567-04-00,1812,20963887,110,Barcode/datamatrix code quality NOK,488,15.631
2025-12-15,early,174137501873140,01-741375-01-00,1795,20963301,300,Final Test Radar NOK,635,15.845
2025-12-15,early,174282401631917,01-742824-01-10,2010,20963304,30,MES Error,640,15.190
2025-12-15,late,100792205325909,01-007922-05-10,2513,20963712,220,MES Error,640,20.506
2025-12-15,late,100814205716019,01-008142-05-10,1792,20963253,100,Final Test Radar NOK,635,20.525
2025-12-15,late,174056904656843,01-740569-04-00,1802,20963741,120,Final Test Radar NOK,635,15.636
2025-12-15,late,174137401343394,01-741374-01-10,2026,20963638,60,Milling NOK,638,15.695
2025-12-15,late,174282401862268,01-742824-01-10,1807,20963253,60,Final Test Radar NOK,635,15.158
2025-12-15,night,100814205976651,01-008142-05-10,1813,20963537,360,Final Test Radar NOK,635,20.491
2025-12-15,night,174137401532592,01-741374-01-10,1806,20963712,50,Assemble/close housing failure,46,15.659
2025-12-15,night,174137401694316,01-741374-01-20,2513,20963933,100,Miscellaneous Defects,129,15.142
2025-12-15,night,174282401571820,01-742824-01-10,1792,20963304,100,Machine system error Label Verification,644,15.215
2025-12-16,early,100792205893909,01-007922-05-10,1794,20963045,110,Machine system error Label Verification,644,20.498
2025-12-16,early,174056804208596,01-740568-04-00,2483,20963114,300,Electrical fault,25,11.621
2025-12-16,early,174137401258280,01-741374-01-10,1802,20963638,260,MES Error,640,15.613
2025-12-16,late,100792205547349,01-007922-05-10,2483,20963685,360,Automatical optical check NOK,275,20.466
2025-12-16,night,174056704859019,01-740567-04-00,1802,20963119,30,Automatical optical check NOK,275,15.655
2025-12-16,night,174137401173199,01-741374-01-20,1807,20963452,120,MES Error,640,15.095
2025-12-16,night,174137401430569,01-741374-01-10,1808,20963623,260,Final Test Radar NOK,635,NULL
2025-12-16,night,174282301555337,01-742823-01-00,2512,20963767,240,Connection Error,602,15.468
2025-12-16,night,174282601108248,01-742826-01-10,2026,20963109,100,Final Test Radar NOK,635,0.929
2025-12-17,early,100792205664357,01-007922-05-10,2010,20963712,40,Final Test Radar NOK,635,20.475
2025-12-17,early,174056904110113,01-740569-04-00,1792,20963050,120,Automatical optical check NOK,275,15.673
2025-12-17,early,174057004743047,01-740570-04-00,2026,20963047,80,Machine system error test chamber,642,17.219
2025-12-17,early,174137501281973,01-741375-01-00,1808,20963578,100,Automatical optical check NOK,275,15.864
2025-12-17,early,174282301204251,01-742823-01-00,2026,20963767,240,Machine system error Label Verification,644,15.428
2025-12-17,late,174056804911513,01-740568-04-00,2026,20963964,240,Final Test Radar NOK,635,11.631
2025-12-17,late,174137401285658,01-741374-01-20,2026,20963848,90,Final Test Radar NOK,635,15.142
2025-12-17,late,174282601238951,01-742826-01-10,2513,20963537,180,Final Test Radar NOK,635,0.964
2025-12-17,night,174056704595125,01-740567-04-00,1812,20963452,190,Final Test Radar NOK,635,15.703
2025-12-17,night,174056904371442,01-740569-04-00,1802,20963741,260,MES Error,640,15.686
2025-12-17,night,174057004261654,01-740570-04-00,1807,20963047,190,Automatical optical check NOK,275,17.247
2025-12-18,early,174056704817179,01-740567-04-00,2513,20963887,50,Machine system error Label Verification,644,15.646
2025-12-18,early,174057004200790,01-740570-04-00,1795,20963933,120,Automatical optical check NOK,275,17.246
2025-12-18,early,174137501401437,01-741375-01-00,1806,20963243,360,Electrical fault,25,15.899
2025-12-18,early,174282501554949,01-742825-01-00,2513,20963066,100,Final Test Radar NOK,635,2.604
2025-12-18,early,174282501937266,01-742825-01-00,1794,20963066,20,Final Test Radar NOK,635,2.564
2025-12-18,early,174282601527432,01-742826-01-10,2513,20963109,260,Final Test Radar NOK,635,0.929
2025-12-18,late,100814205532005,01-008142-05-10,2513,20963253,30,Automatical optical check NOK,275,20.454
2025-12-18,late,174056704761601,01-740567-04-00,1792,20963887,60,Final Test Radar NOK,635,15.671
2025-12-18,late,174056904980563,01-740569-04-00,2010,20963774,90,Final Test Radar NOK,635,15.651
2025-12-18,late,174137501299659,01-741375-01-00,1802,20963611,50,MES Error,640,15.855
2025-12-18,late,174137501342106,01-741375-01-00,2512,20963611,120,Automatical optical check NOK,275,15.865
2025-12-18,late,174282501125071,01-742825-01-00,1808,20963320,260,Final Test Radar NOK,635,2.574
2025-12-18,late,174282501444930,01-742825-01-00,1807,20963066,30,Final Test Radar NOK,635,2.571
2025-12-18,night,174056904923356,01-740569-04-00,1804,20963741,110,Machine system error Label Verification,644,15.651
2025-12-18,night,174137501898987,01-741375-01-00,1814,20963611,360,Final Test Radar NOK,635,15.888
2025-12-18,night,174282401108328,01-742824-01-10,1804,20963248,50,Final Test Radar NOK,635,15.188
2025-12-18,night,174282401307710,01-742824-01-10,1795,20963248,240,MES Error,640,15.181
2025-12-18,night,174282401551643,01-742824-01-10,2010,20963304,80,Automatical optical check NOK,275,15.214
2025-12-18,night,174282501761964,01-742825-01-00,1802,20963320,230,Final Test Radar NOK,635,2.585
2025-12-19,early,174056804517722,01-740568-04-00,1794,20963114,240,MES Error,640,11.600
2025-12-19,early,174056904841242,01-740569-04-00,2483,20963741,100,Solder paste inspection NOK,680,15.660
2025-12-19,early,174057004349641,01-740570-04-00,1802,20963741,120,Final Test Radar NOK,635,17.273
2025-12-19,early,174137401502358,01-741374-01-20,1804,20963848,260,Final Test Radar NOK,635,15.084
2025-12-19,early,174282501824141,01-742825-01-00,1813,20963243,80,Machine system error Label Verification,644,2.513
2025-12-19,early,174282601404309,01-742826-01-10,2026,20963109,360,Final Test Radar NOK,635,0.945
2025-12-19,late,174137401406975,01-741374-01-20,1806,20963452,100,Final Test Radar NOK,635,15.071
2025-12-19,late,174282301701257,01-742823-01-00,1795,20963050,70,Automatical optical check NOK,275,15.478
2025-12-19,late,174282401918011,01-742824-01-10,2483,20963304,360,Process error,596,15.243
2025-12-19,night,174056804473668,01-740568-04-00,2010,20963114,80,Automatical optical check NOK,275,11.632
2025-12-19,night,174056804644532,01-740568-04-00,1804,20963114,60,Barcode/datamatrix code quality NOK,488,11.685
2025-12-19,night,174056904387782,01-740569-04-00,1804,20963100,110,lower limit violation,819,15.663
2025-12-19,night,174056904846030,01-740569-04-00,1806,20963047,50,Automatical optical check NOK,275,15.673
2025-12-19,night,174137401135843,01-741374-01-20,1795,20963452,360,Final Test Radar NOK,635,15.106
2025-12-19,night,174137401856211,01-741374-01-10,1813,20963623,20,Final Test Radar NOK,635,15.631
2025-12-19,night,174282401293813,01-742824-01-10,1795,20963248,40,MES Error,640,15.174
2025-12-19,night,174282401494187,01-742824-01-10,1792,20963452,180,Final Test Radar NOK,635,15.248
2025-12-19,night,174282501410529,01-742825-01-00,1792,20963066,260,Final Test Radar NOK,635,2.528
2025-12-20,early,100814205908964,01-008142-05-10,2010,20963797,50,Miscellaneous Defects,129,20.528
2025-12-20,late,174056904496330,01-740569-04-00,1795,20963578,180,MES Error,640,15.639
2025-12-20,late,174057004426126,01-740570-04-00,1804,20963100,250,Electrical fault,25,17.222
2025-12-20,night,174056704185879,01-740567-04-00,1804,20963653,40,Final Test Radar NOK,635,15.610
2025-12-20,night,174056804198980,01-740568-04-00,2026,20963578,120,Miscellaneous Defects,129,11.691
2025-12-20,night,174137401664903,01-741374-01-20,2010,20963848,80,MES Error,640,15.066
2025-12-21,early,100814205396458,01-008142-05-10,2512,20963114,100,Final Test Radar NOK,635,20.500
2025-12-21,early,174056704153123,01-740567-04-00,1792,20963653,360,Solder paste inspection NOK,680,15.662
2025-12-21,early,174282401132591,01-742824-01-10,2026,20963248,230,Machine system error Label Verification,644,15.225
2025-12-21,early,174282501858464,01-742825-01-00,1812,20963066,120,Final Test Radar NOK,635,2.519
2025-12-21,late,174282301310034,01-742823-01-00,1814,20963245,230,Final Test Radar NOK,635,15.393
2025-12-21,late,174282501239976,01-742825-01-00,1806,20963774,180,Final Test Radar NOK,635,2.557
2025-12-21,late,174282501239976,01-742825-01-00,1813,20963774,180,Final Test Radar NOK,635,2.557
2025-12-21,night,100792205569794,01-007922-05-10,1802,20963223,120,Final Test Radar NOK,635,20.488
2025-12-21,night,174056704420899,01-740567-04-00,1808,20963653,220,Process error,596,15.637
2025-12-21,night,174056904102418,01-740569-04-00,2026,20963364,360,Final Test Radar NOK,635,15.675
2025-12-21,night,174137401309747,01-741374-01-20,2512,20963452,180,Machine system error Label Verification,644,15.097
2025-12-21,night,174137401341928,01-741374-01-10,2512,20963623,260,Automatical optical check NOK,275,15.621
2025-12-21,night,174137401684572,01-741374-01-10,1812,20963638,180,Miscellaneous Defects,129,15.651
2025-12-21,night,174137401834764,01-741374-01-20,1814,20963452,120,MES Error,640,15.077
2025-12-21,night,174137501429445,01-741375-01-00,1792,20963611,100,Final Test Radar NOK,635,15.833
2025-12-21,night,174137501429445,01-741375-01-00,1808,20963611,100,Final Test Radar NOK,635,15.833
2025-12-22,early,100792205351516,01-007922-05-10,1806,20963223,260,Automatical optical check NOK,275,20.485
2025-12-22,early,174056704812169,01-740567-04-00,1794,20963653,260,MES Error,640,15.705
2025-12-22,early,174057004216698,01-740570-04-00,1806,20963047,230,Connection Error,602,NULL
2025-12-22,early,174057004851468,01-740570-04-00,1807,20963578,80,Machine system error Label Verification,644,17.275
2025-12-22,early,174282401155074,01-742824-01-10,1806,20963304,230,Final Test Radar NOK,635,15.198
2025-12-22,late,174282301826233,01-742823-01-00,1814,20963304,30,Machine system error Label Verification,644,15.382
2025-12-22,night,100792205856688,01-007922-05-10,1806,20963964,80,Electrical fault,25,20.490
2025-12-22,night,174056904937480,01-740569-04-00,1795,20963569,20,Label position NOK,564,15.688
2025-12-22,night,174137401812296,01-741374-01-20,1802,20963848,60,Final Test Radar NOK,635,15.142
2025-12-22,night,174137501351198,01-741375-01-00,1812,20963364,110,Machine system error test chamber,642,15.901
2025-12-22,night,174282401361993,01-742824-01-10,1808,20963304,100,Final Test Radar NOK,635,15.159
2025-12-23,late,100792205570860,01-007922-05-10,1794,20963685,250,Process error,596,20.452
2025-12-23,late,174056904723309,01-740569-04-00,1808,20963774,120,Final Test Radar NOK,635,15.701
2025-12-23,late,174137401289110,01-741374-01-10,1814,20963253,20,Machine system error test chamber,642,15.638
2025-12-23,late,174282301194604,01-742823-01-00,2483,20963638,180,lower limit violation,819,15.399
2025-12-23,late,174282401475987,01-742824-01-10,1802,20963045,90,Electrical fault,25,15.206
2025-12-23,night,100792205673344,01-007922-05-10,1804,20963578,50,Final Test Radar NOK,635,20.527
2025-12-23,night,174056804704349,01-740568-04-00,2010,20963578,30,Miscellaneous Defects,129,11.657
2025-12-23,night,174137501513880,01-741375-01-00,2513,20963611,190,MES Error,640,15.821
2025-12-23,night,174282401212248,01-742824-01-10,1814,20963248,360,Automatical optical check NOK,275,15.207
2025-12-24,early,100792205145974,01-007922-05-10,1814,20963183,110,Machine system error Label Verification,644,20.536
2025-12-24,early,100792205187025,01-007922-05-10,2026,20963685,120,Barcode/datamatrix code quality NOK,488,20.484
2025-12-24,early,174056804538168,01-740568-04-00,1794,20963964,20,Final Test Radar NOK,635,NULL
2025-12-24,early,174282501382187,01-742825-01-00,1792,20963066,300,MES Error,640,2.574
2025-12-24,late,174056804103205,01-740568-04-00,2483,20963578,230,Process error,596,11.606
2025-12-24,late,174137401967359,01-741374-01-10,1795,20963569,30,Final Test Radar NOK,635,15.695
2025-12-24,night,100792205444802,01-007922-05-10,2483,20963623,100,Final Test Radar NOK,635,20.448
2025-12-24,night,174056904399607,01-740569-04-00,1808,20963569,100,Final Test Radar NOK,635,15.642
2025-12-24,night,174137501637756,01-741375-01-00,1795,20963243,120,Miscellaneous Defects,129,15.863
2025-12-24,night,174137501978976,01-741375-01-00,1807,20963045,30,Check of fault status NOK,612,15.919
2025-12-25,early,100792205483394,01-007922-05-10,1794,20963578,180,Machine system error test chamber,642,20.464
2025-12-25,early,174057004196783,01-740570-04-00,2010,20963933,250,Final Test Radar NOK,635,17.243
2025-12-25,early,174057004361912,01-740570-04-00,1808,20963933,100,X-Ray inspection (AXI) NOK,616,17.263
2025-12-25,early,174282401663492,01-742824-01-10,1802,20963304,190,Final Test Radar NOK,635,15.237
2025-12-25,late,174056904319240,01-740569-04-00,1795,20963741,120,Final Test Radar NOK,635,15.671
2025-12-25,late,174137401353405,01-741374-01-10,1792,20963638,260,Final Test Radar NOK,635,15.706
2025-12-25,late,174137501506691,01-741375-01-00,1795,20963301,300,Machine system error Label Verification,644,15.852
2025-12-25,late,174282401787923,01-742824-01-10,2512,20963248,90,Automatical optical check NOK,275,15.197
2025-12-25,night,100792205334121,01-007922-05-10,1792,20963223,260,Final Test Radar NOK,635,20.445
2025-12-25,night,100792205867651,01-007922-05-10,2512,20963045,250,Barcode/datamatrix code quality NOK,488,20.523
2025-12-25,night,174056704401967,01-740567-04-00,2010,20963887,50,Miscellaneous Defects,129,15.641
2025-12-25,night,174056704542766,01-740567-04-00,1795,20963119,40,Automatical optical check NOK,275,15.705
2025-12-25,night,174056704722487,01-740567-04-00,1812,20963887,190,Final Test Radar NOK,635,15.658
2025-12-25,night,174056904152557,01-740569-04-00,1804,20963050,40,MES Error,640,15.654
2025-12-25,night,174137401832140,01-741374-01-10,1794,20963623,260,Barcode/datamatrix code quality NOK,488,15.702
2025-12-25,night,174282501116928,01-742825-01-00,2512,20963767,250,MES Error,640,2.553
2025-12-26,early,100814205331145,01-008142-05-10,1812,20963253,260,Final Test Radar NOK,635,20.524
2025-12-26,late,100792205114600,01-007922-05-10,1812,20963685,50,Final Test Radar NOK,635,20.512
2025-12-26,late,100792205138880,01-007922-05-10,1802,20963223,230,Miscellaneous Defects,129,20.459
2025-12-26,late,100814205354368,01-008142-05-10,1813,20963797,40,Solder paste inspection NOK,680,20.473
2025-12-26,late,174057004339052,01-740570-04-00,1812,20963933,20,Electrical fault,25,17.260
2025-12-26,late,174057004488543,01-740570-04-00,1814,20963100,240,Machine system error Label Verification,644,NULL
2025-12-26,late,174137401334496,01-741374-01-20,1806,20963848,110,Final Test Radar NOK,635,15.149
2025-12-26,late,174137401938721,01-741374-01-10,2512,20963933,110,Barcode/datamatrix code quality NOK,488,15.665
2025-12-26,late,174282501562518,01-742825-01-00,1813,20963320,90,MES Error,640,2.511
2025-12-26,late,174282601457256,01-742826-01-10,1806,20963933,30,Final Test Radar NOK,635,1.014
2025-12-26,night,100792205700588,01-007922-05-10,1804,20963685,190,Machine system error test chamber,642,20.514
2025-12-26,night,174056804526984,01-740568-04-00,1794,20963578,190,Heat stacking NOK,621,11.632
2025-12-26,night,174137401806774,01-741374-01-10,2483,20963623,70,Automatical optical check NOK,275,15.662
2025-12-26,night,174282301500496,01-742823-01-00,1804,20963767,60,Final Test Radar NOK,635,15.406
2025-12-27,early,174056704311459,01-740567-04-00,1792,20963320,300,Final Test Radar NOK,635,15.661
2025-12-27,early,174056704471942,01-740567-04-00,2513,20963047,20,Solder paste inspection NOK,680,15.652
2025-12-27,early,174056804292899,01-740568-04-00,1807,20963114,120,MES Error,640,11.603
2025-12-27,early,174057004317062,01-740570-04-00,2512,20963047,230,Final Test Radar NOK,635,17.258
2025-12-27,late,100792205509391,01-007922-05-10,2010,20963045,40,Process error,596,20.537
2025-12-27,late,174056904736604,01-740569-04-00,2026,20963774,250,Final Test Radar NOK,635,15.677
2025-12-27,late,174057004606404,01-740570-04-00,1808,20963569,190,Final Test Radar NOK,635,17.235
2025-12-27,late,174137501974002,01-741375-01-00,1792,20963320,110,MES Error,640,15.904
2025-12-27,night,174056704614858,01-740567-04-00,1808,20963537,120,Final Test Radar NOK,635,15.638
2025-12-27,night,174056904817125,01-740569-04-00,1806,20963774,220,MES Error,640,15.642
2025-12-27,night,174137401289180,01-741374-01-10,1806,20963109,50,MES Error,640,15.629
2025-12-27,night,174282601528357,01-742826-01-10,1807,20963674,100,Final Test Radar NOK,635,0.944
2025-12-28,early,100792205144821,01-007922-05-10,2483,20963537,190,Automatical optical check NOK,275,20.466
2025-12-28,early,100814205593393,01-008142-05-10,1794,20963240,300,Machine system error Label Verification,644,20.534
2025-12-28,early,174056904644700,01-740569-04-00,2010,20963774,250,Solder paste inspection NOK,680,15.667
2025-12-28,early,174056904707314,01-740569-04-00,1794,20963569,120,Automatical optical check NOK,275,15.660
2025-12-28,early,174282501616645,01-742825-01-00,1814,20963320,250,Final Test Radar NOK,635,2.608
2025-12-28,late,100792205813011,01-007922-05-10,2512,20963183,60,Solder paste inspection NOK,680,20.468
2025-12-28,late,100814205617300,01-008142-05-10,1802,20963253,180,Automatical optical check NOK,275,20.523
2025-12-28,late,174282501627981,01-742825-01-00,1808,20963066,120,Final Test Radar NOK,635,2.600
2025-12-28,night,174056704647933,01-740567-04-00,1812,20963119,100,Final Test Radar NOK,635,15.656
2025-12-28,night,174056704979422,01-740567-04-00,1808,20963653,60,Process error,596,15.616
2025-12-28,night,174057004279938,01-740570-04-00,2483,20963712,20,Final Test Radar NOK,635,17.220
2025-12-28,night,174137501324754,01-741375-01-00,1813,20963611,180,MES Error,640,15.825
2025-12-28,night,174282501124394,01-742825-01-00,1795,20963320,240,Final Test Radar NOK,635,2.541
2025-12-29,early,100814205292588,01-008142-05-10,2010,20963050,60,Automatical optical check NOK,275,20.442
2025-12-29,early,100814205363845,01-008142-05-10,2026,20963797,300,MES Error,640,20.503
2025-12-29,early,174056804204521,01-740568-04-00,1812,20963964,300,MES Error,640,11.638
2025-12-29,early,174282401817621,01-742824-01-10,1794,20963797,250,Communication to PCBA failed,607,15.189
2025-12-29,late,100814205923073,01-008142-05-10,1794,20963797,80,Automatical optical check NOK,275,20.442
2025-12-29,late,174057004502722,01-740570-04-00,1806,20963047,220,Label position NOK,564,17.218
2025-12-29,late,174057004972633,01-740570-04-00,1794,20963047,260,Final Test Radar NOK,635,17.238
2025-12-29,late,174137401699031,01-741374-01-20,1807,20963452,190,Solder paste inspection NOK,680,15.146
2025-12-29,late,174137501240727,01-741375-01-00,1807,20963301,300,Final Test Radar NOK,635,15.848
2025-12-29,late,174282301283480,01-742823-01-00,1802,20963100,80,Miscellaneous Defects,129,15.382
2025-12-29,night,100792205550631,01-007922-05-10,1802,20963223,230,Press fit NOK,620,20.499
2025-12-29,night,174056704536857,01-740567-04-00,2483,20963653,100,Barcode/datamatrix code quality NOK,488,15.611
2025-12-29,night,174056704825928,01-740567-04-00,1802,20963887,80,Final Test Radar NOK,635,15.663
2025-12-29,night,174056904250861,01-740569-04-00,1808,20963741,70,Final Test Radar NOK,635,15.675
2025-12-29,night,174056904589478,01-740569-04-00,1806,20963569,230,Automatical optical check NOK,275,15.664
2025-12-29,night,174056904789115,01-740569-04-00,2512,20963364,30,Final Test Radar NOK,635,15.706
2025-12-29,night,174137401548509,01-741374-01-20,1813,20963452,300,Automatical optical check NOK,275,15.142
2025-12-29,night,174282301149334,01-742823-01-00,1792,20963119,180,Final Test Radar NOK,635,15.416
2025-12-29,night,174282401778506,01-742824-01-10,1795,20963304,180,Machine system error test chamber,642,15.235
2025-12-30,early,174056904182423,01-740569-04-00,2483,20963050,50,Automatical optical check NOK,275,15.686
2025-12-30,early,174057004398133,01-740570-04-00,1806,20963047,360,Final Test Radar NOK,635,17.243
2025-12-30,early,174137401930165,01-741374-01-20,1813,20963848,360,Automatical optical check NOK,275,15.143
2025-12-30,late,174056904835630,01-740569-04-00,1795,20963674,50,Machine system error test chamber,642,15.653
2025-12-30,late,174137401583757,01-741374-01-10,1806,20963638,220,Final Test Radar NOK,635,15.671
2025-12-30,late,174137501404013,01-741375-01-00,2010,20963611,220,Final Test Radar NOK,635,15.866
2025-12-30,late,174282601246740,01-742826-01-10,1814,20963537,50,Final Test Radar NOK,635,0.932
2025-12-30,night,100792205194825,01-007922-05-10,2026,20963685,120,MES Error,640,20.504
2025-12-30,night,100792205205936,01-007922-05-10,1807,20963223,90,Connection Error,602,20.476
2025-12-30,night,100792205349736,01-007922-05-10,2483,20963364,240,Automatical optical check NOK,275,20.454
2025-12-30,night,174137501229461,01-741375-01-00,1812,20963301,300,MES Error,640,15.883
2025-12-30,night,174137501677833,01-741375-01-00,1808,20963301,360,Solder paste inspection NOK,680,15.894
2025-12-30,night,174282301773962,01-742823-01-00,1812,20963245,220,Final Test Radar NOK,635,15.465
2025-12-30,night,174282501316899,01-742825-01-00,2512,20963066,120,Final Test Radar NOK,635,2.593
2025-12-31,early,100792205243843,01-007922-05-10,1813,20963685,120,Final Test Radar NOK,635,20.462
2025-12-31,early,174057004410935,01-740570-04-00,1812,20963933,60,Miscellaneous Defects,129,17.206
2025-12-31,early,174137401618974,01-741374-01-20,1808,20963846,60,Final Test Radar NOK,635,15.146
2025-12-31,late,174137401614591,01-741374-01-20,1812,20963848,50,Machine Error,599,15.082
2025-12-31,late,174137401620525,01-741374-01-20,2026,20963846,110,Machine system error Label Verification,644,15.095
2025-12-31,late,174137401999924,01-741374-01-10,1802,20963452,90,Barcode/datamatrix code quality NOK,488,15.640
2025-12-31,night,100814205694774,01-008142-05-10,1813,20963253,40,Final Test Radar NOK,635,20.474
2025-12-31,night,174057004196154,01-740570-04-00,1794,20963933,30,Heat stacking NOK,621,17.286
2025-12-31,night,174137501934822,01-741375-01-00,1813,20963301,60,Final Test Radar NOK,635,15.828
2026-01-01,early,174056704450964,01-740567-04-00,1795,20963119,300,Miscellaneous Defects,129,15.709
2026-01-01,early,174056704644973,01-740567-04-00,1804,20963119,240,Final Test Radar NOK,635,15.680
2026-01-01,early,174056804764721,01-740568-04-00,1807,20963797,220,Final Test Radar NOK,635,11.682
2026-01-01,early,174056904555157,01-740569-04-00,1794,20963774,190,Miscellaneous Defects,129,15.676
2026-01-01,early,174056904665786,01-740569-04-00,1812,20963674,20,Final Test Radar NOK,635,15.670
2026-01-01,early,174282301704411,01-742823-01-00,1807,20963245,300,Automatical optical check NOK,275,15.408
2026-01-01,early,174282601691737,01-742826-01-10,1804,20963304,100,MES Error,640,0.947
2026-01-01,late,100814205598165,01-008142-05-10,1814,20963240,70,Final Test Radar NOK,635,20.470
2026-01-01,late,100814205821726,01-008142-05-10,1792,20963240,120,Final Test Radar NOK,635,20.487
2026-01-01,late,174056804373056,01-740568-04-00,2010,20963578,70,Dispensing sealant NOK,633,11.656
2026-01-01,late,174057004363165,01-740570-04-00,1794,20963100,190,Automatical optical check NOK,275,17.196
2026-01-01,late,174282301108890,01-742823-01-00,2010,20963767,110,Final Test Radar NOK,635,15.430
2026-01-01,late,174282401898210,01-742824-01-10,2026,20963248,30,Final Test Radar NOK,635,15.215
2026-01-01,late,174282601799352,01-742826-01-10,1792,20963569,90,Machine system error Label Verification,644,1.013
2026-01-01,night,100792205309776,01-007922-05-10,1807,20963183,360,Solder paste inspection NOK,680,20.452
2026-01-01,night,100792205380145,01-007922-05-10,1806,20963045,300,Solder paste inspection NOK,680,20.539
2026-01-01,night,174282401239297,01-742824-01-10,2513,20963248,50,Final Test Radar NOK,635,15.234
2026-01-01,night,174282501927659,01-742825-01-00,1794,20963243,100,Automatical optical check NOK,275,2.604
2026-01-02,early,100792205619333,01-007922-05-10,1807,20963537,300,Solder paste inspection NOK,680,20.442
2026-01-02,early,174056904686655,01-740569-04-00,1814,20963364,100,Final Test Radar NOK,635,15.692
2026-01-02,early,174137401191254,01-741374-01-10,2026,20963050,260,Final Test Radar NOK,635,15.665
2026-01-02,early,174137401483999,01-741374-01-10,1813,20963623,70,Machine system error Label Verification,644,15.648
2026-01-02,early,174137401700487,01-741374-01-20,1795,20963846,250,Machine system error Label Verification,644,15.103
2026-01-02,early,174282301306658,01-742823-01-00,1794,20963767,360,Assemble/close housing failure,46,15.390
2026-01-02,early,174282601480612,01-742826-01-10,1813,20963100,90,Automatical optical check NOK,275,0.977
2026-01-02,late,100814205207916,01-008142-05-10,1813,20963797,360,Final Test Radar NOK,635,20.497
2026-01-02,late,174056904259151,01-740569-04-00,2512,20963674,240,Final Test Radar NOK,635,15.663
2026-01-02,late,174056904868034,01-740569-04-00,2512,20963674,250,Final Test Radar NOK,635,15.705
2026-01-02,late,174137401475876,01-741374-01-20,2010,20963797,220,Barcode/datamatrix code quality NOK,488,15.074
2026-01-02,late,174282401531204,01-742824-01-10,2026,20963248,230,Milling NOK,638,15.190
2026-01-02,late,174282401689343,01-742824-01-10,1812,20963304,240,Barcode/datamatrix code quality NOK,488,15.188
2026-01-02,late,174282601475130,01-742826-01-10,1806,20963741,30,MES Error,640,1.000
2026-01-02,night,100792205507695,01-007922-05-10,1813,20963045,240,Final Test Radar NOK,635,20.517
2026-01-02,night,174056904242079,01-740569-04-00,2010,20963741,70,Automatical optical check NOK,275,15.652
2026-01-02,night,174056904718069,01-740569-04-00,2513,20963674,230,Final Test Radar NOK,635,15.682
2026-01-02,night,174057004957677,01-740570-04-00,1812,20963674,360,MES Error,640,17.194
2026-01-02,night,174137401189183,01-741374-01-10,1794,20963578,240,Final Test Radar NOK,635,15.652
2026-01-02,night,174282301934252,01-742823-01-00,1808,20963569,50,Connection Error,602,15.453
2026-01-02,night,174282501126691,01-742825-01-00,2513,20963066,110,Final Test Radar NOK,635,2.601
2026-01-03,early,174137401704659,01-741374-01-20,1807,20963537,220,Connection Error,602,15.146
2026-01-03,late,100814205927527,01-008142-05-10,1794,20963253,240,Final Test Radar NOK,635,20.532
2026-01-03,late,174056804580809,01-740568-04-00,1813,20963114,300,Miscellaneous Defects,129,11.638
2026-01-03,late,174282401891636,01-742824-01-10,1794,20963774,260,Solder paste inspection NOK,680,15.203
2026-01-03,night,100792205378237,01-007922-05-10,1794,20963223,190,Final Test Radar NOK,635,20.513
2026-01-03,night,100792205401813,01-007922-05-10,2512,20963685,300,Final Test Radar NOK,635,20.503
2026-01-03,night,174056904368958,01-740569-04-00,2026,20963774,110,Machine system error Label Verification,644,15.639
2026-01-03,night,174057004200018,01-740570-04-00,1806,20963114,60,MES Error,640,17.222
2026-01-03,night,174282501301960,01-742825-01-00,2010,20963320,360,Solder paste inspection NOK,680,2.570
2026-01-04,early,174056704246054,01-740567-04-00,1807,20963119,260,Final Test Radar NOK,635,15.702
2026-01-04,early,174056904631553,01-740569-04-00,1808,20963569,260,Final Test Radar NOK,635,15.650
2026-01-04,early,174137401214176,01-741374-01-10,2483,20963611,70,Machine Error,599,15.677
2026-01-04,early,174137401754489,01-741374-01-20,1792,20963846,300,Miscellaneous Defects,129,15.080
2026-01-04,early,174282301272216,01-742823-01-00,2513,20963767,20,Final Test Radar NOK,635,15.422
2026-01-04,early,174282401463656,01-742824-01-10,1814,20963933,70,Automatical optical check NOK,275,NULL
2026-01-04,early,174282601372323,01-742826-01-10,1792,20963537,180,Miscellaneous Defects,129,0.989
2026-01-04,late,174056904701885,01-740569-04-00,2026,20963569,220,Final Test Radar NOK,635,15.680
2026-01-04,night,174056904350876,01-740569-04-00,2513,20963774,220,Final Test Radar NOK,635,15.622
2026-01-04,night,174282301274006,01-742823-01-00,1792,20963767,50,Barcode/datamatrix code quality NOK,488,15.454
2026-01-05,early,174056804697476,01-740568-04-00,1804,20963578,90,Automatical optical check NOK,275,11.626
2026-01-05,early,174057004792413,01-740570-04-00,1806,20963047,230,Final Test Radar NOK,635,17.268
2026-01-05,early,174282501770416,01-742825-01-00,1806,20963364,240,MES Error,640,2.548
2026-01-05,late,100792205624752,01-007922-05-10,1806,20963685,40,Machine system error test chamber,642,20.492
2026-01-05,late,100792205874672,01-007922-05-10,1792,20963183,240,Solder paste inspection NOK,680,20.494
2026-01-05,late,100814205209996,01-008142-05-10,1812,20963240,190,Machine system error Label Verification,644,20.455
2026-01-05,late,174056904488796,01-740569-04-00,1814,20963569,120,Final Test Radar NOK,635,15.704
2026-01-05,late,174282301511284,01-742823-01-00,1806,20963767,110,Machine system error Label Verification,644,15.408
2026-01-05,night,100792205291986,01-007922-05-10,2010,20963712,300,Final Test Radar NOK,635,20.484
2026-01-05,night,174137401993050,01-741374-01-10,1794,20963638,180,Final Test Radar NOK,635,15.670
2026-01-05,night,174137401995092,01-741374-01-10,2483,20963623,220,Final Test Radar NOK,635,15.623
2026-01-05,night,174137501696289,01-741375-01-00,1794,20963304,100,Barcode/datamatrix code quality NOK,488,15.831
2026-01-05,night,174282601950884,01-742826-01-10,1807,20963109,180,Final Test Radar NOK,635,0.959
2026-01-06,early,174056704296473,01-740567-04-00,1802,20963653,110,Milling NOK,638,15.635
2026-01-06,early,174056904646428,01-740569-04-00,2513,20963050,180,MES Error,640,15.620
2026-01-06,early,174282601487939,01-742826-01-10,1795,20963569,70,Barcode/datamatrix code quality NOK,488,0.982
2026-01-06,late,174056904745262,01-740569-04-00,2010,20963569,80,Final Test Radar NOK,635,15.625
2026-01-06,late,174056904962276,01-740569-04-00,2513,20963774,50,MES Error,640,15.706
2026-01-06,late,174137401117590,01-741374-01-20,1795,20963452,100,Machine Error,599,15.120
2026-01-06,late,174282401762616,01-742824-01-10,2483,20963304,30,Solder paste inspection NOK,680,15.232
2026-01-06,night,174056704322964,01-740567-04-00,2513,20963452,50,Final Test Radar NOK,635,15.655
2026-01-06,night,174056804620292,01-740568-04-00,1807,20963114,190,Final Test Radar NOK,635,11.614
2026-01-06,night,174056904370211,01-740569-04-00,1812,20963774,230,Final Test Radar NOK,635,15.666
2026-01-06,night,174056904999646,01-740569-04-00,1804,20963674,180,Automatical optical check NOK,275,15.639
2026-01-06,night,174137501246235,01-741375-01-00,1794,20963611,50,Automatical optical check NOK,275,15.887
2026-01-06,night,174282301445771,01-742823-01-00,1806,20963767,250,MES Error,640,15.407
2026-01-06,night,174282401758775,01-742824-01-10,1802,20963304,300,Final Test Radar NOK,635,15.163
2026-01-06,night,174282401797840,01-742824-01-10,1813,20963253,220,Final Test Radar NOK,635,15.156
2026-01-07,early,100792205741824,01-007922-05-10,1792,20963223,40,Final Test Radar NOK,635,20.459
2026-01-07,early,174137401491286,01-741374-01-10,1807,20963638,30,Final Test Radar NOK,635,15.637
2026-01-07,late,100814205753453,01-008142-05-10,1804,20963797,230,Miscellaneous Defects,129,20.532
2026-01-07,late,174056704337288,01-740567-04-00,1807,20963653,230,Final Test Radar NOK,635,15.667
2026-01-07,late,174282301802685,01-742823-01-00,1802,20963569,70,Final Test Radar NOK,635,15.421
2026-01-07,late,174282301885342,01-742823-01-00,1795,20963767,110,Miscellaneous Defects,129,15.419
2026-01-07,night,100792205764379,01-007922-05-10,2010,20963045,360,Final Test Radar NOK,635,20.528
2026-01-07,night,174056904128877,01-740569-04-00,1802,20963364,190,Final Test Radar NOK,635,15.667
2026-01-07,night,174056904743512,01-740569-04-00,1808,20963674,30,Final Test Radar NOK,635,15.648
2026-01-07,night,174137401661109,01-741374-01-20,2512,20963846,50,Automatical optical check NOK,275,15.142
2026-01-07,night,174137501319084,01-741375-01-00,1812,20963301,230,Final Test Radar NOK,635,15.880
2026-01-07,night,174137501671907,01-741375-01-00,1808,20963243,40,Communication to PCBA failed,607,15.850
2026-01-08,early,174056904448256,01-740569-04-00,1812,20963301,360,Miscellaneous Defects,129,15.657
2026-01-08,early,174057004986950,01-740570-04-00,1812,20963047,300,Final Test Radar NOK,635,17.225
2026-01-08,early,174137501245087,01-741375-01-00,1814,20963243,230,Dispensing sealant NOK,633,15.851
2026-01-08,late,100792205801324,01-007922-05-10,2010,20963712,190,Final Test Radar NOK,635,20.540
2026-01-08,late,174056704709258,01-740567-04-00,2026,20963452,70,Final Test Radar NOK,635,15.674
2026-01-08,late,174056804618934,01-740568-04-00,2513,20963578,110,Machine system error Label Verification,644,11.601
2026-01-08,late,174056804728357,01-740568-04-00,1812,20963114,120,Final Test Radar NOK,635,11.663
2026-01-08,late,174056904436050,01-740569-04-00,1794,20963364,20,Solder paste inspection NOK,680,15.615
2026-01-08,late,174056904463139,01-740569-04-00,1795,20963774,50,Final Test Radar NOK,635,15.700
2026-01-08,late,174056904678654,01-740569-04-00,1808,20963741,70,MES Error,640,15.638
2026-01-08,night,100792205747234,01-007922-05-10,1812,20963685,180,Communication to PCBA failed,607,20.500
2026-01-08,night,100814205348648,01-008142-05-10,1814,20963623,260,MES Error,640,20.454
2026-01-08,night,174056804962994,01-740568-04-00,1792,20963243,260,Solder paste inspection NOK,680,11.620
2026-01-08,night,174056904887748,01-740569-04-00,1794,20963050,250,Final Test Radar NOK,635,15.620
2026-01-08,night,174137401546535,01-741374-01-20,1814,20963846,50,Communication to PCBA failed,607,15.096
2026-01-08,night,174137401967661,01-741374-01-10,2010,20963638,190,Communication to PCBA failed,607,15.694
2026-01-08,night,174282501440424,01-742825-01-00,2010,20963066,220,MES Error,640,2.593
2026-01-08,night,174282501719930,01-742825-01-00,2026,20963066,120,Final Test Radar NOK,635,2.586
2026-01-09,early,174057004380531,01-740570-04-00,2483,20963047,120,Machine system error test chamber,642,17.271
2026-01-09,early,174282301593578,01-742823-01-00,2512,20963767,220,MES Error,640,15.441
2026-01-09,late,100792205460262,01-007922-05-10,1795,20963712,240,Final Test Radar NOK,635,20.495
2026-01-09,late,174282401588640,01-742824-01-10,1802,20963304,240,Final Test Radar NOK,635,15.241
2026-01-09,late,174282501754960,01-742825-01-00,1807,20963066,90,Final Test Radar NOK,635,2.515
2026-01-09,night,100814205527314,01-008142-05-10,1794,20963240,240,Automatical optical check NOK,275,20.453
2026-01-09,night,174137401928842,01-741374-01-20,1813,20963452,120,Automatical optical check NOK,275,15.122
2026-01-09,night,174137501874562,01-741375-01-00,2026,20963301,90,Connection Error,602,15.828
2026-01-10,early,174057004180783,01-740570-04-00,1807,20963100,230,Final Test Radar NOK,635,17.212
2026-01-10,early,174282301855917,01-742823-01-00,2513,20963767,360,lower limit violation,819,15.400
2026-01-10,early,174282601704270,01-742826-01-10,1802,20963243,240,Machine system error Label Verification,644,0.959
2026-01-10,late,100814205846151,01-008142-05-10,2483,20963797,90,Final Test Radar NOK,635,20.530
2026-01-10,late,174056904296243,01-740569-04-00,1812,20963741,90,Final Test Radar NOK,635,15.657
2026-01-10,late,174056904925866,01-740569-04-00,1813,20963741,70,MES Error,640,15.623
2026-01-10,late,174282301552266,01-742823-01-00,2010,20963245,180,Final Test Radar NOK,635,15.412
2026-01-10,late,174282401342018,01-742824-01-10,2513,20963248,100,Automatical optical check NOK,275,15.194
2026-01-10,late,174282401726680,01-742824-01-10,1814,20963304,70,Final Test Radar NOK,635,15.153
2026-01-10,night,100792205392930,01-007922-05-10,1806,20963183,220,MES Error,640,20.520
2026-01-10,night,100792205670511,01-007922-05-10,1792,20963712,190,MES Error,640,20.444
2026-01-10,night,174056904676768,01-740569-04-00,2026,20963364,110,Final Test Radar NOK,635,15.681
2026-01-11,early,100792205516474,01-007922-05-10,1807,20963712,60,Machine system error Label Verification,644,20.441
2026-01-11,early,100814205697983,01-008142-05-10,1807,20963240,180,Machine system error Label Verification,644,20.469
2026-01-11,early,174057004501312,01-740570-04-00,1804,20963933,60,Automatical optical check NOK,275,17.191
2026-01-11,early,174137501899946,01-741375-01-00,1807,20963243,90,Barcode/datamatrix code quality NOK,488,15.882
2026-01-11,early,174282301210347,01-742823-01-00,2010,20963245,110,Final Test Radar NOK,635,15.429
2026-01-11,late,174056704216424,01-740567-04-00,2513,20963452,60,Automatical optical check NOK,275,15.688
2026-01-11,late,174137401347582,01-741374-01-10,2010,20963623,50,Final Test Radar NOK,635,15.664
2026-01-11,late,174137401445426,01-741374-01-20,2026,20963114,230,Automatical optical check NOK,275,15.140
2026-01-11,late,174282301504562,01-742823-01-00,1802,20963933,230,Final Test Radar NOK,635,15.461
2026-01-11,night,100814205279683,01-008142-05-10,2483,20963797,40,Automatical optical check NOK,275,20.519
2026-01-11,night,174056704899125,01-740567-04-00,2026,20963653,70,Final Test Radar NOK,635,15.693
2026-01-11,night,174056904174316,01-740569-04-00,1792,20963741,80,MES Error,640,15.703
2026-01-11,night,174282601963227,01-742826-01-10,1792,20963537,360,Solder paste inspection NOK,680,0.995
2026-01-12,early,174056904700400,01-740569-04-00,1812,20963774,110,Automatical optical check NOK,275,15.670
2026-01-12,early,174137401487519,01-741374-01-20,2513,20963848,40,Miscellaneous Defects,129,15.095
2026-01-12,late,100814205752123,01-008142-05-10,1814,20963797,20,Miscellaneous Defects,129,20.473
2026-01-12,late,174056904785984,01-740569-04-00,2513,20963050,40,Final Test Radar NOK,635,15.629
2026-01-12,late,174056904927043,01-740569-04-00,1808,20963364,70,MES Error,640,15.617
2026-01-12,late,174282501295646,01-742825-01-00,2512,20963320,30,Final Test Radar NOK,635,2.554
2026-01-12,night,100814205570207,01-008142-05-10,1792,20963797,80,Final Test Radar NOK,635,20.492
2026-01-12,night,174056904358717,01-740569-04-00,1813,20963674,80,Barcode/datamatrix code quality NOK,488,15.641
2026-01-12,night,174056904436071,01-740569-04-00,1812,20963050,300,Final Test Radar NOK,635,15.695
2026-01-12,night,174057004980282,01-740570-04-00,1802,20963243,190,MES Error,640,17.225
2026-01-12,night,174137401830316,01-741374-01-20,2483,20963452,300,Process error,596,15.139
2026-01-13,early,100814205971728,01-008142-05-10,1806,20963253,230,Miscellaneous Defects,129,20.481
2026-01-13,early,174056904266850,01-740569-04-00,1807,20963774,50,Miscellaneous Defects,129,15.636
2026-01-13,early,174056904510164,01-740569-04-00,1806,20963569,110,Automatical optical check NOK,275,15.635
2026-01-13,early,174056904637277,01-740569-04-00,1807,20963050,100,Final Test Radar NOK,635,15.629
2026-01-13,early,174137501103135,01-741375-01-00,1792,20963767,100,Machine system error Label Verification,644,15.842
2026-01-13,late,100792205411797,01-007922-05-10,2483,20963685,110,Machine system error Label Verification,644,20.502
2026-01-13,late,100814205273797,01-008142-05-10,2512,20963240,220,MES Error,640,20.469
2026-01-13,late,174137501158840,01-741375-01-00,1792,20963301,70,Automatical optical check NOK,275,15.863
2026-01-13,late,174137501278738,01-741375-01-00,1792,20963301,300,Final Test Radar NOK,635,15.913
2026-01-13,late,174282501716225,01-742825-01-00,1795,20963320,250,Final Test Radar NOK,635,2.548
2026-01-13,late,174282601597440,01-742826-01-10,1804,20963109,80,Electrical fault,25,0.950
2026-01-13,night,174056704650716,01-740567-04-00,1806,20963119,70,Automatical optical check NOK,275,15.619
2026-01-13,night,174057004701651,01-740570-04-00,1807,20963933,80,Final Test Radar NOK,635,17.239
2026-01-13,night,174137401355890,01-741374-01-20,2513,20963452,260,Solder paste inspection NOK,680,15.053
2026-01-13,night,174137501958130,01-741375-01-00,2010,20963611,60,Final Test Radar NOK,635,15.824
2026-01-13,night,174282501792232,01-742825-01-00,1794,20963066,40,Final Test Radar NOK,635,2.592
2026-01-14,early,100814205654778,01-008142-05-10,1807,20963253,100,MES Error,640,NULL
2026-01-14,early,174056704250152,01-740567-04-00,1794,20963887,80,MES Error,640,15.662
2026-01-14,early,174137401729232,01-741374-01-20,1807,20963848,110,Cleaning process error,618,15.092
2026-01-14,early,174282301895720,01-742823-01-00,1813,20963767,360,Machine system error Label Verification,644,15.395
2026-01-14,late,100792205526691,01-007922-05-10,1795,20963712,80,Assemble/close housing failure,46,20.496
2026-01-14,late,100814205621899,01-008142-05-10,1792,20963253,90,MES Error,640,20.496
2026-01-14,late,174056704708171,01-740567-04-00,1808,20963653,220,Final Test Radar NOK,635,15.664
2026-01-14,late,174056904656710,01-740569-04-00,1794,20963674,110,Milling NOK,638,15.685
2026-01-14,late,174056904912535,01-740569-04-00,1802,20963741,260,Heat stacking NOK,621,15.659
2026-01-14,late,174137401218318,01-741374-01-20,2512,20963452,220,Machine system error Label Verification,644,15.067
2026-01-14,late,174282501602985,01-742825-01-00,2513,20963320,180,Machine system error Label Verification,644,2.560
2026-01-14,night,100792205707418,01-007922-05-10,2483,20963245,300,Machine system error test chamber,642,20.491
2026-01-14,night,100792205826155,01-007922-05-10,1808,20963183,100,Final Test Radar NOK,635,20.536
2026-01-14,night,100792205874915,01-007922-05-10,1807,20963183,80,MES Error,640,20.484
2026-01-14,night,174056804377695,01-740568-04-00,2483,20963848,20,Final Test Radar NOK,635,NULL
2026-01-14,night,174056804634456,01-740568-04-00,1804,20963578,50,Final Test Radar NOK,635,11.672
2026-01-14,night,174056904160116,01-740569-04-00,1813,20963774,190,Final Test Radar NOK,635,15.667
2026-01-14,night,174057004324014,01-740570-04-00,1795,20963047,180,Automatical optical check NOK,275,17.243
2026-01-14,night,174137401281150,01-741374-01-20,1814,20963846,100,Final Test Radar NOK,635,15.119
2026-01-14,night,174282301718199,01-742823-01-00,1804,20963767,240,Final Test Radar NOK,635,15.389
2026-01-14,night,174282301898531,01-742823-01-00,1802,20963767,220,Barcode/datamatrix code quality NOK,488,15.405
2026-01-14,night,174282601950519,01-742826-01-10,1808,20963537,100,Final Test Radar NOK,635,0.927
2026-01-15,early,174137501198843,01-741375-01-00,2512,20963243,240,Final Test Radar NOK,635,15.876
2026-01-15,early,174282501373951,01-742825-01-00,1813,20963578,360,Final Test Radar NOK,635,2.527
2026-01-15,late,174056704148693,01-740567-04-00,1794,20963100,120,Automatical optical check NOK,275,15.662
2026-01-15,late,174056904297487,01-740569-04-00,2513,20963364,50,Final Test Radar NOK,635,15.667
2026-01-15,late,174056904317373,01-740569-04-00,1813,20963741,110,Final Test Radar NOK,635,15.695
2026-01-15,late,174057004221953,01-740570-04-00,1807,20963047,230,Communication to PCBA failed,607,17.236
2026-01-15,late,174282401231222,01-742824-01-10,1804,20963304,230,Final Test Radar NOK,635,15.216
2026-01-15,night,174056804295102,01-740568-04-00,2512,20963114,220,MES Error,640,11.608
2026-01-15,night,174137401120024,01-741374-01-20,1804,20963846,120,Final Test Radar NOK,635,15.120
2026-01-15,night,174137401338435,01-741374-01-20,2512,20963537,60,MES Error,640,15.113
2026-01-15,night,174137401570836,01-741374-01-10,1804,20963638,190,Final Test Radar NOK,635,15.677
2026-01-15,night,174282301196981,01-742823-01-00,1812,20963767,40,Final Test Radar NOK,635,15.407
2026-01-15,night,174282401483162,01-742824-01-10,1806,20963240,240,Automatical optical check NOK,275,15.151
2026-01-16,early,100792205582229,01-007922-05-10,2026,20963712,70,Solder paste inspection NOK,680,20.456
2026-01-16,early,100814205108060,01-008142-05-10,1807,20963797,110,Final Test Radar NOK,635,20.517
2026-01-16,early,100814205463625,01-008142-05-10,2010,20963797,180,Final Test Radar NOK,635,20.464
2026-01-16,early,100814205463625,01-008142-05-10,2483,20963797,180,Final Test Radar NOK,635,20.464
2026-01-16,early,174056804488984,01-740568-04-00,1794,20963578,60,Machine system error test chamber,642,11.689
2026-01-16,early,174282301790601,01-742823-01-00,1804,20963050,80,Connection Error,602,15.410
2026-01-16,early,174282401957170,01-742824-01-10,1802,20963248,220,Final Test Radar NOK,635,15.178
2026-01-16,late,100792205895620,01-007922-05-10,1806,20963685,120,Final Test Radar NOK,635,NULL
2026-01-16,late,100814205630188,01-008142-05-10,1795,20963797,50,Check of fault status NOK,612,20.504
2026-01-16,late,174056704186554,01-740567-04-00,2513,20963887,300,Automatical optical check NOK,275,15.636
2026-01-16,late,174056904608093,01-740569-04-00,1812,20963741,190,Barcode/datamatrix code quality NOK,488,15.660
2026-01-16,late,174056904830459,01-740569-04-00,1794,20963364,250,lower limit violation,819,15.700
2026-01-16,late,174137401133141,01-741374-01-20,1806,20963848,80,MES Error,640,15.146
2026-01-16,late,174137401573437,01-741374-01-10,1812,20963452,100,Final Test Radar NOK,635,15.701
2026-01-16,night,100792205428403,01-007922-05-10,1808,20963223,60,Miscellaneous Defects,129,20.526
2026-01-16,night,174056904185102,01-740569-04-00,1807,20963774,50,Final Test Radar NOK,635,15.659
2026-01-16,night,174057004596418,01-740570-04-00,2010,20963243,190,Final Test Radar NOK,635,17.197
2026-01-16,night,174057004711520,01-740570-04-00,1804,20963933,180,Final Test Radar NOK,635,17.203
2026-01-16,night,174057004711520,01-740570-04-00,2512,20963933,180,Final Test Radar NOK,635,17.203
2026-01-16,night,174282401964947,01-742824-01-10,1794,20963248,180,Solder paste inspection NOK,680,15.173
2026-01-17,early,174056704587506,01-740567-04-00,1795,20963119,180,Automatical optical check NOK,275,15.650
2026-01-17,early,174056804248758,01-740568-04-00,1792,20963964,360,Milling NOK,638,NULL
2026-01-17,early,174282501908323,01-742825-01-00,2026,20963066,40,Miscellaneous Defects,129,2.595
2026-01-17,late,100814205455505,01-008142-05-10,1806,20963240,240,MES Error,640,20.477
2026-01-17,late,100814205525146,01-008142-05-10,1807,20963712,250,Assemble/close housing failure,46,20.514
2026-01-17,late,174057004146051,01-740570-04-00,1813,20963050,260,Miscellaneous Defects,129,NULL
2026-01-17,late,174057004559381,01-740570-04-00,2512,20963047,50,Final Test Radar NOK,635,17.212
2026-01-17,late,174137401489616,01-741374-01-10,1807,20963638,230,Barcode/datamatrix code quality NOK,488,15.652
2026-01-17,late,174137501219360,01-741375-01-00,1814,20963183,190,Machine system error test chamber,642,15.880
2026-01-17,late,174282401581294,01-742824-01-10,1808,20963304,90,Final Test Radar NOK,635,15.218
2026-01-17,late,174282501706435,01-742825-01-00,1795,20963320,20,Automatical optical check NOK,275,2.576
2026-01-17,night,100792205339025,01-007922-05-10,1794,20963685,220,Barcode/datamatrix code quality NOK,488,20.539
2026-01-17,night,100814205831400,01-008142-05-10,1802,20963253,300,MES Error,640,20.534
2026-01-17,night,174137501400384,01-741375-01-00,1794,20963301,70,MES Error,640,15.864
2026-01-17,night,174137501725114,01-741375-01-00,1806,20963301,190,Automatical optical check NOK,275,15.906
2026-01-18,early,100814205620304,01-008142-05-10,2513,20963253,240,Heat stacking NOK,621,20.504
2026-01-18,early,174056704726123,01-740567-04-00,2010,20963452,60,Automatical optical check NOK,275,NULL
2026-01-18,early,174056904666366,01-740569-04-00,1808,20963569,20,Final Test Radar NOK,635,15.705
2026-01-18,early,174056904729814,01-740569-04-00,2483,20963774,260,Connection Error,602,15.675
2026-01-18,early,174282501971783,01-742825-01-00,1792,20963320,220,Machine system error test chamber,642,2.585
2026-01-18,late,174282401582954,01-742824-01-10,2512,20963304,230,Final Test Radar NOK,635,15.196
2026-01-18,night,100814205696296,01-008142-05-10,1792,20963797,70,Press fit NOK,620,20.528
2026-01-18,night,174056804419105,01-740568-04-00,1814,20963100,180,Electrical fault,25,11.683
2026-01-18,night,174057004569045,01-740570-04-00,1812,20963933,100,Connection Error,602,17.273
2026-01-19,early,174056704433290,01-740567-04-00,1802,20963119,60,MES Error,640,NULL
2026-01-19,early,174056804925664,01-740568-04-00,1812,20963964,50,Press fit NOK,620,11.641
2026-01-19,early,174056904744324,01-740569-04-00,1814,20963050,70,Miscellaneous Defects,129,15.681
2026-01-19,late,100792205779098,01-007922-05-10,1792,20963685,50,Final Test Radar NOK,635,20.521
2026-01-19,late,174057004972475,01-740570-04-00,1802,20963047,30,Electrical fault,25,17.210
2026-01-19,late,174137401971412,01-741374-01-10,1814,20963638,30,Machine system error Label Verification,644,15.646
2026-01-19,late,174282601699538,01-742826-01-10,1813,20963109,30,Machine system error test chamber,642,0.935
2026-01-19,night,100792205643471,01-007922-05-10,2512,20963183,240,Final Test Radar NOK,635,20.492
2026-01-19,night,174056704544436,01-740567-04-00,1807,20963452,360,Barcode/datamatrix code quality NOK,488,15.690
2026-01-19,night,174056704813361,01-740567-04-00,1812,20963109,230,Solder paste printing missing,623,15.696
2026-01-19,night,174056804244850,01-740568-04-00,1812,20963578,110,Final Test Radar NOK,635,11.631
2026-01-19,night,174056804410016,01-740568-04-00,1804,20963964,80,Final Test Radar NOK,635,11.666
2026-01-19,night,174137401126817,01-741374-01-20,2483,20963846,260,Final Test Radar NOK,635,15.072
2026-01-19,night,174137401524094,01-741374-01-10,2483,20963611,120,Miscellaneous Defects,129,15.649
2026-01-20,early,100814205277886,01-008142-05-10,1794,20963569,260,Electrical fault,25,20.507
2026-01-20,early,100814205945442,01-008142-05-10,1813,20963240,250,Machine system error Label Verification,644,20.488
2026-01-20,early,174056904244037,01-740569-04-00,1807,20963364,120,Final Test Radar NOK,635,15.709
2026-01-20,early,174056904844109,01-740569-04-00,1802,20963674,70,Final Test Radar NOK,635,15.668
2026-01-20,late,100792205205428,01-007922-05-10,1804,20963685,20,Machine system error Label Verification,644,20.538
2026-01-20,late,100792205626195,01-007922-05-10,2513,20963183,30,Barcode/datamatrix code quality NOK,488,20.492
2026-01-20,late,174056804429196,01-740568-04-00,2512,20963114,230,Final Test Radar NOK,635,11.634
2026-01-20,night,174056704449663,01-740567-04-00,1804,20963887,90,Final Test Radar NOK,635,15.652
2026-01-20,night,174056904226858,01-740569-04-00,1792,20963364,230,MES Error,640,15.693
2026-01-21,early,174137401593515,01-741374-01-20,1794,20963050,220,Machine system error test chamber,642,15.089
2026-01-21,early,174282301856018,01-742823-01-00,1794,20963767,300,Final Test Radar NOK,635,15.381
2026-01-21,early,174282501636435,01-742825-01-00,1802,20963066,110,Automatical optical check NOK,275,2.560
2026-01-21,late,100792205431146,01-007922-05-10,1802,20963223,90,Barcode/datamatrix code quality NOK,488,20.487
2026-01-21,late,100792205835716,01-007922-05-10,1795,20963964,50,Final Test Radar NOK,635,20.506
2026-01-21,late,174056704668077,01-740567-04-00,2483,20963119,20,MES Error,640,15.611
2026-01-22,early,100814205381249,01-008142-05-10,2483,20963253,180,Final Test Radar NOK,635,20.447
2026-01-22,early,174056704125894,01-740567-04-00,1814,20963119,360,Final Test Radar NOK,635,15.643
2026-01-22,early,174282601461145,01-742826-01-10,2026,20963537,250,Final Test Radar NOK,635,0.990
2026-01-22,late,174056804814613,01-740568-04-00,2483,20963964,240,Final Test Radar NOK,635,11.664
2026-01-22,late,174056904297682,01-740569-04-00,1806,20963674,50,Final Test Radar NOK,635,15.632
2026-01-22,night,100792205225638,01-007922-05-10,1802,20963045,190,Final Test Radar NOK,635,20.518
2026-01-22,night,174056704274887,01-740567-04-00,2483,20963183,100,Automatical optical check NOK,275,15.613
2026-01-22,night,174056904232359,01-740569-04-00,1802,20963774,90,MES Error,640,15.693
2026-01-22,night,174056904522056,01-740569-04-00,1802,20963774,250,Barcode/datamatrix code quality NOK,488,15.683
2026-01-22,night,174056904636855,01-740569-04-00,1802,20963109,360,MES Error,640,15.708
2026-01-22,night,174137401846144,01-741374-01-10,1792,20963623,260,Barcode/datamatrix code quality NOK,488,15.649
2026-01-22,night,174282501468107,01-742825-01-00,2513,20963320,20,Final Test Radar NOK,635,2.514
2026-01-23,early,100814205376518,01-008142-05-10,2483,20963797,220,Press fit NOK,620,20.467
2026-01-23,early,174056704226550,01-740567-04-00,1808,20963301,240,Final Test Radar NOK,635,15.709
2026-01-23,early,174056704442752,01-740567-04-00,2483,20963653,100,Machine Error,599,15.611
2026-01-23,early,174056704823233,01-740567-04-00,1795,20963452,50,Machine system error Label Verification,644,15.700
2026-01-23,early,174056804211028,01-740568-04-00,2010,20963223,120,Connection Error,602,11.601
2026-01-23,early,174056804680626,01-740568-04-00,1808,20963114,80,Final Test Radar NOK,635,11.671
2026-01-23,early,174056904376648,01-740569-04-00,1795,20963674,70,Electrical fault,25,15.669
2026-01-23,early,174057004701530,01-740570-04-00,1807,20963767,40,Final Test Radar NOK,635,17.261
2026-01-23,early,174137501654698,01-741375-01-00,1814,20963301,120,Automatical optical check NOK,275,15.890
2026-01-23,early,174137501737460,01-741375-01-00,2026,20963183,120,Final Test Radar NOK,635,15.881
2026-01-23,early,174282601243464,01-742826-01-10,1812,20963109,50,Final Test Radar NOK,635,1.000
2026-01-23,late,100814205325561,01-008142-05-10,1794,20963797,240,Assemble/close housing failure,46,20.455
2026-01-23,late,174056704626584,01-740567-04-00,2483,20963653,250,Final Test Radar NOK,635,15.615
2026-01-23,late,174056904155216,01-740569-04-00,1792,20963364,30,Automatical optical check NOK,275,15.658
2026-01-23,late,174057004252928,01-740570-04-00,1804,20963623,240,Electrical fault,25,17.208
2026-01-23,late,174282401514326,01-742824-01-10,1814,20963248,70,MES Error,640,15.236
2026-01-23,late,174282401576632,01-742824-01-10,1806,20963045,190,Assemble/close housing failure,46,15.180
2026-01-23,late,174282601955412,01-742826-01-10,1792,20963109,230,Milling NOK,638,0.934
2026-01-23,night,100792205161645,01-007922-05-10,1795,20963045,260,Final Test Radar NOK,635,20.512
2026-01-23,night,100814205320479,01-008142-05-10,2010,20963240,40,MES Error,640,20.500
2026-01-23,night,174056804953565,01-740568-04-00,1808,20963964,110,Automatical optical check NOK,275,11.641
2026-01-23,night,174282401195142,01-742824-01-10,1806,20963304,100,Final Test Radar NOK,635,15.170
2026-01-23,night,174282501290175,01-742825-01-00,2483,20963066,60,Final Test Radar NOK,635,2.572
2026-01-23,night,174282601509376,01-742826-01-10,1806,20963248,190,Final Test Radar NOK,635,0.972
2026-01-24,early,100814205627573,01-008142-05-10,2483,20963240,80,Machine system error Label Verification,644,20.477
2026-01-24,early,174056804246328,01-740568-04-00,1814,20963364,190,Final Test Radar NOK,635,11.628
2026-01-24,early,174056904313619,01-740569-04-00,1808,20963364,120,Final Test Radar NOK,635,15.623
2026-01-24,early,174056904918855,01-740569-04-00,2513,20963569,260,Solder paste inspection NOK,680,15.694
2026-01-24,early,174137401798687,01-741374-01-10,1795,20963638,60,Final Test Radar NOK,635,15.643
2026-01-24,early,174137501447177,01-741375-01-00,1807,20963243,80,Final Test Radar NOK,635,15.890
2026-01-24,early,174282401629241,01-742824-01-10,1806,20963304,190,Machine system error test chamber,642,NULL
2026-01-24,late,100814205167201,01-008142-05-10,1804,20963797,360,Final Test Radar NOK,635,20.497
2026-01-24,late,174056904729091,01-740569-04-00,1806,20963364,70,Machine system error Label Verification,644,15.645
2026-01-24,night,174056904372194,01-740569-04-00,1807,20963741,30,Automatical optical check NOK,275,15.643
2026-01-24,night,174056904482923,01-740569-04-00,1792,20963674,260,Solder paste inspection NOK,680,15.642
2026-01-24,night,174282301458915,01-742823-01-00,1814,20963223,20,MES Error,640,15.431
2026-01-24,night,174282601663147,01-742826-01-10,1806,20963537,120,MES Error,640,0.932
2026-01-25,early,174056704891615,01-740567-04-00,1802,20963887,180,MES Error,640,15.621
2026-01-25,late,174056904556287,01-740569-04-00,2513,20963774,50,Miscellaneous Defects,129,15.646
2026-01-25,late,174137401269695,01-741374-01-10,1804,20963623,180,MES Error,640,15.611
2026-01-25,late,174282301142866,01-742823-01-00,1807,20963638,300,Machine system error Label Verification,644,15.469
2026-01-25,late,174282601349123,01-742826-01-10,1792,20963109,30,Machine system error Label Verification,644,1.016
2026-01-25,night,100814205242778,01-008142-05-10,1807,20963685,30,Miscellaneous Defects,129,20.486
2026-01-25,night,174057004948743,01-740570-04-00,1792,20963119,110,MES Error,640,17.237
2026-01-25,night,174282401487572,01-742824-01-10,1808,20963304,180,Final Test Radar NOK,635,15.249
2026-01-26,early,100814205698957,01-008142-05-10,2512,20963240,110,Final Test Radar NOK,635,20.536
2026-01-26,early,174057004504719,01-740570-04-00,1806,20963100,100,Machine system error Label Verification,644,17.267
2026-01-26,early,174137401356578,01-741374-01-20,1812,20963712,70,Final Test Radar NOK,635,15.073
2026-01-26,early,174282601205149,01-742826-01-10,1807,20963109,250,Final Test Radar NOK,635,0.999
2026-01-26,late,100792205942725,01-007922-05-10,2512,20963223,110,Machine Error,599,20.521
2026-01-26,night,174057004146266,01-740570-04-00,2483,20963047,260,MES Error,640,17.269
2026-01-26,night,174137401267234,01-741374-01-10,1802,20963623,30,Final Test Radar NOK,635,15.632
2026-01-26,night,174137401545503,01-741374-01-20,1802,20963848,70,MES Error,640,15.146
2026-01-27,early,174056704557311,01-740567-04-00,1795,20963653,240,Final Test Radar NOK,635,15.662
2026-01-27,early,174137501357657,01-741375-01-00,2026,20963301,30,Machine system error Label Verification,644,15.859
2026-01-27,early,174282301782039,01-742823-01-00,1814,20963887,40,Check of fault status NOK,612,15.445
2026-01-27,late,100792205697530,01-007922-05-10,2026,20963712,120,Miscellaneous Defects,129,20.489
2026-01-27,late,174282301711218,01-742823-01-00,2512,20963245,40,Electrical fault,25,15.427
2026-01-27,night,100792205580127,01-007922-05-10,1794,20963712,230,Automatical optical check NOK,275,20.458
2026-01-27,night,100814205312882,01-008142-05-10,2026,20963240,80,Automatical optical check NOK,275,20.456
2026-01-27,night,174057004582650,01-740570-04-00,2010,20963100,360,Final Test Radar NOK,635,17.218
2026-01-27,night,174137501869989,01-741375-01-00,1804,20963301,80,Automatical optical check NOK,275,15.848
2026-01-27,night,174282301382737,01-742823-01-00,2483,20963245,100,Miscellaneous Defects,129,15.433
2026-01-28,early,174056704965674,01-740567-04-00,2512,20963887,30,Automatical optical check NOK,275,15.614
2026-01-28,early,174137401377405,01-741374-01-20,1807,20963848,220,Automatical optical check NOK,275,15.115
2026-01-28,late,100792205269316,01-007922-05-10,1795,20963712,100,Machine system error Label Verification,644,20.476
2026-01-28,late,174056704137581,01-740567-04-00,1795,20963653,110,Final Test Radar NOK,635,15.647
2026-01-28,late,174056804942438,01-740568-04-00,2483,20963964,190,Automatical optical check NOK,275,11.695
2026-01-28,late,174137401613111,01-741374-01-10,2513,20963623,90,Barcode/datamatrix code quality NOK,488,15.613
2026-01-28,late,174137401834498,01-741374-01-20,2513,20963848,80,Final Test Radar NOK,635,15.052
2026-01-28,late,174282601820420,01-742826-01-10,2512,20963109,90,Machine system error Label Verification,644,0.961
2026-01-28,night,100792205271856,01-007922-05-10,2010,20963712,180,Machine system error Label Verification,644,20.494
2026-01-28,night,174056804266652,01-740568-04-00,1804,20963114,20,Final Test Radar NOK,635,11.623
2026-01-28,night,174056804802750,01-740568-04-00,2026,20963964,220,Automatical optical check NOK,275,11.626
2026-01-28,night,174056904601544,01-740569-04-00,1804,20963569,110,Final Test Radar NOK,635,15.620
2026-01-28,night,174056904768706,01-740569-04-00,2513,20963674,240,Miscellaneous Defects,129,15.611
2026-01-28,night,174282301341085,01-742823-01-00,1814,20963245,80,Miscellaneous Defects,129,15.438
2026-01-29,early,100792205138585,01-007922-05-10,1795,20963183,30,Solder paste inspection NOK,680,20.528
2026-01-29,early,100792205138585,01-007922-05-10,1802,20963183,30,Solder paste inspection NOK,680,20.528
2026-01-29,early,100814205576935,01-008142-05-10,2512,20963797,60,Final Test Radar NOK,635,20.458
2026-01-29,early,174056704308936,01-740567-04-00,1806,20963119,190,Final Test Radar NOK,635,15.665
2026-01-29,early,174056904977239,01-740569-04-00,1808,20963774,60,Final Test Radar NOK,635,15.688
2026-01-29,early,174282301873105,01-742823-01-00,1795,20963452,110,MES Error,640,15.415
2026-01-29,late,174137501143570,01-741375-01-00,1808,20963578,40,Automatical optical check NOK,275,15.823
2026-01-29,late,174137501703727,01-741375-01-00,2483,20963301,300,Final Test Radar NOK,635,15.891
2026-01-29,night,100792205273077,01-007922-05-10,2513,20963223,190,Machine system error test chamber,642,20.511
2026-01-30,early,174056704568383,01-740567-04-00,2026,20963119,260,Process error,596,15.669
2026-01-30,early,174137501582595,01-741375-01-00,2512,20963653,240,Solder paste inspection NOK,680,15.864
2026-01-30,early,174282301141880,01-742823-01-00,1804,20963245,120,Solder paste inspection NOK,680,15.385
2026-01-30,late,100792205275614,01-007922-05-10,1802,20963183,190,Machine system error Label Verification,644,20.492
2026-01-30,late,100814205417408,01-008142-05-10,1802,20963243,110,Check of fault status NOK,612,20.470
2026-01-30,late,174056704837428,01-740567-04-00,1812,20963653,40,MES Error,640,15.652
2026-01-30,late,174056904254804,01-740569-04-00,2513,20963741,260,Final Test Radar NOK,635,15.646
2026-01-30,late,174282301142773,01-742823-01-00,2512,20963245,180,Machine system error Label Verification,644,15.429
2026-01-30,night,174056904236896,01-740569-04-00,2513,20963050,120,Solder paste inspection NOK,680,15.703
2026-01-30,night,174282501813385,01-742825-01-00,1806,20963452,30,Final Test Radar NOK,635,2.561
2026-01-31,early,174056704983025,01-740567-04-00,1807,20963119,190,Machine system error Label Verification,644,15.619
2026-01-31,early,174056904915154,01-740569-04-00,1795,20963674,240,Miscellaneous Defects,129,15.708
2026-01-31,early,174137401405579,01-741374-01-20,2010,20963050,180,Machine system error Label Verification,644,15.059
2026-01-31,early,174282401450616,01-742824-01-10,2512,20963304,80,Final Test Radar NOK,635,15.233
2026-01-31,early,174282501505132,01-742825-01-00,2026,20963320,100,Final Test Radar NOK,635,2.578
2026-01-31,early,174282601919176,01-742826-01-10,2026,20963767,240,Final Test Radar NOK,635,0.948
2026-01-31,late,174056804145383,01-740568-04-00,1795,20963964,110,Electrical fault,25,11.675
2026-01-31,late,174282501820878,01-742825-01-00,1807,20963638,80,MES Error,640,2.589
2026-01-31,night,100792205205656,01-007922-05-10,2483,20963183,70,Final Test Radar NOK,635,20.535
2026-01-31,night,100792205614117,01-007922-05-10,1806,20963611,240,Machine system error Label Verification,644,20.521
2026-01-31,night,100814205793609,01-008142-05-10,1814,20963674,360,Miscellaneous Defects,129,20.505
2026-01-31,night,174056704387748,01-740567-04-00,1814,20963653,250,Final Test Radar NOK,635,15.662
2026-01-31,night,174056904653071,01-740569-04-00,1813,20963050,240,Final Test Radar NOK,635,NULL
2026-02-01,early,174056904489439,01-740569-04-00,1795,20963741,90,Process error,596,15.660
2026-02-01,early,174137401378925,01-741374-01-20,2026,20963452,220,Milling NOK,638,15.060
2026-02-01,early,174282501599397,01-742825-01-00,1813,20963320,40,Final Test Radar NOK,635,2.600
2026-02-01,late,174282501604575,01-742825-01-00,2513,20963320,260,Barcode/datamatrix code quality NOK,488,2.530
2026-02-01,late,174282601638169,01-742826-01-10,1802,20963109,230,MES Error,640,0.942
2026-02-01,night,100792205294118,01-007922-05-10,2512,20963223,50,Check of fault status NOK,612,20.523
2026-02-01,night,100792205591534,01-007922-05-10,2010,20963712,70,Final Test Radar NOK,635,20.489
2026-02-01,night,174056704292362,01-740567-04-00,1795,20963887,60,Electrical fault,25,15.669
2026-02-02,early,100814205993506,01-008142-05-10,1802,20963240,60,Final Test Radar NOK,635,20.506
2026-02-02,early,174056704885813,01-740567-04-00,1812,20963452,70,Final Test Radar NOK,635,15.677
2026-02-02,early,174137401465484,01-741374-01-20,1813,20963452,230,MES Error,640,15.094
2026-02-02,early,174137401977417,01-741374-01-10,1812,20963537,230,MES Error,640,15.610
2026-02-02,early,174282401626214,01-742824-01-10,1804,20963304,230,Machine Error,599,15.173
2026-02-02,early,174282501111748,01-742825-01-00,1795,20963653,110,Cleaning process error,618,2.547
2026-02-02,late,174137401730255,01-741374-01-20,2483,20963452,90,Miscellaneous Defects,129,15.079
2026-02-02,late,174137501702440,01-741375-01-00,1814,20963183,300,MES Error,640,15.853
2026-02-02,late,174282301667472,01-742823-01-00,1813,20963245,120,Final Test Radar NOK,635,15.440
2026-02-02,night,174056804916755,01-740568-04-00,1806,20963964,180,Final Test Radar NOK,635,11.692
2026-02-02,night,174057004264199,01-740570-04-00,1792,20963100,260,Automatical optical check NOK,275,17.284
2026-02-02,night,174057004831229,01-740570-04-00,1795,20963047,90,MES Error,640,17.246
2026-02-02,night,174137501353524,01-741375-01-00,2483,20963047,260,Cleaning process error,618,15.829
2026-02-03,early,174056704104509,01-740567-04-00,1807,20963887,20,Label position NOK,564,15.689
2026-02-03,early,174057004608581,01-740570-04-00,2513,20963933,300,Final Test Radar NOK,635,17.215
2026-02-03,early,174282301909919,01-742823-01-00,1804,20963767,100,Solder paste inspection NOK,680,15.434
2026-02-03,early,174282401470534,01-742824-01-10,1802,20963887,40,Final Test Radar NOK,635,15.221
2026-02-03,early,174282401655825,01-742824-01-10,1792,20963248,70,MES Error,640,15.180
2026-02-03,early,174282601428638,01-742826-01-10,1794,20963537,20,MES Error,640,0.947
2026-02-03,late,100792205396525,01-007922-05-10,2512,20963045,110,MES Error,640,20.441
2026-02-03,late,100792205801364,01-007922-05-10,2026,20963685,70,MES Error,640,20.532
2026-02-03,late,100792205886099,01-007922-05-10,1814,20963223,220,Cleaning process error,618,20.461
2026-02-03,late,174056904142273,01-740569-04-00,1807,20963741,110,X-Ray inspection (AXI) NOK,616,15.691
2026-02-03,late,174282501187128,01-742825-01-00,1807,20963611,250,Final Test Radar NOK,635,2.540
2026-02-03,night,174056904412856,01-740569-04-00,1804,20963741,50,Final Test Radar NOK,635,15.616
2026-02-04,early,100792205875626,01-007922-05-10,1814,20963638,20,lower limit violation,819,20.484
2026-02-04,early,174137401154537,01-741374-01-20,1808,20963623,110,Final Test Radar NOK,635,15.095
2026-02-04,early,174282301197573,01-742823-01-00,1813,20963767,90,Final Test Radar NOK,635,15.449
2026-02-04,early,174282401539017,01-742824-01-10,1814,20963611,80,Final Test Radar NOK,635,NULL
2026-02-04,early,174282501159985,01-742825-01-00,1813,20963066,70,lower limit violation,819,2.598
2026-02-04,early,174282501917392,01-742825-01-00,1795,20963109,50,Final Test Radar NOK,635,2.574
2026-02-04,late,100792205503149,01-007922-05-10,1794,20963712,70,Machine system error Label Verification,644,20.510
2026-02-04,late,100792205876482,01-007922-05-10,1814,20963685,60,Miscellaneous Defects,129,NULL
2026-02-04,late,100814205544740,01-008142-05-10,1795,20963240,220,Final Test Radar NOK,635,20.475
2026-02-04,late,174056704558408,01-740567-04-00,2026,20963887,120,Automatical optical check NOK,275,15.646
2026-02-04,late,174056804762184,01-740568-04-00,1806,20963569,120,Final Test Radar NOK,635,11.668
2026-02-04,late,174137401129824,01-741374-01-20,1802,20963848,100,MES Error,640,15.149
2026-02-04,night,174056804717006,01-740568-04-00,1807,20963578,190,MES Error,640,11.685
2026-02-04,night,174056904307905,01-740569-04-00,1807,20963569,90,Connection Error,602,15.669
2026-02-04,night,174056904945522,01-740569-04-00,1813,20963050,360,Barcode/datamatrix code quality NOK,488,15.646
2026-02-04,night,174282501448967,01-742825-01-00,1808,20963320,300,Solder paste inspection NOK,680,2.516
2026-02-05,early,100792205305098,01-007922-05-10,2513,20963045,110,Miscellaneous Defects,129,20.457
2026-02-05,early,100814205313446,01-008142-05-10,1812,20963240,260,Barcode/datamatrix code quality NOK,488,20.533
2026-02-05,early,174056904305600,01-740569-04-00,2010,20963050,250,Final Test Radar NOK,635,15.696
2026-02-05,early,174056904779587,01-740569-04-00,1792,20963569,250,Final Test Radar NOK,635,15.690
2026-02-05,early,174137401621533,01-741374-01-10,1792,20963638,50,Final Test Radar NOK,635,15.651
2026-02-05,early,174282601267791,01-742826-01-10,2010,20963537,300,Process error,596,0.922
2026-02-05,late,100792205237152,01-007922-05-10,2026,20963045,30,MES Error,640,20.509
2026-02-05,late,100792205913423,01-007922-05-10,1808,20963248,360,Final Test Radar NOK,635,20.462
2026-02-05,late,100814205607870,01-008142-05-10,1812,20963537,300,MES Error,640,20.494
2026-02-05,late,174056904743066,01-740569-04-00,1812,20963569,110,Final Test Radar NOK,635,15.704
2026-02-05,late,174137501158132,01-741375-01-00,2513,20963611,300,Machine Error,599,15.857
2026-02-05,night,100814205117444,01-008142-05-10,1804,20963797,190,Final Test Radar NOK,635,20.477
2026-02-05,night,174056804547389,01-740568-04-00,1806,20963887,180,Final Test Radar NOK,635,11.691
2026-02-05,night,174056804748789,01-740568-04-00,1813,20963674,60,Automatical optical check NOK,275,11.699
2026-02-05,night,174056904463608,01-740569-04-00,2512,20963119,220,Miscellaneous Defects,129,15.626
2026-02-05,night,174057004962596,01-740570-04-00,2512,20963933,260,Final Test Radar NOK,635,17.195
2026-02-05,night,174282501189961,01-742825-01-00,1807,20963320,190,Electrical fault,25,2.595
2026-02-06,early,174137401789512,01-741374-01-10,1813,20963100,60,Automatical optical check NOK,275,15.650
2026-02-06,early,174137401842510,01-741374-01-20,2513,20963848,230,Final Test Radar NOK,635,15.102
2026-02-06,early,174137401956572,01-741374-01-20,1807,20963848,360,Barcode/datamatrix code quality NOK,488,15.137
2026-02-06,early,174282301448670,01-742823-01-00,1812,20963767,250,Final Test Radar NOK,635,15.469
2026-02-06,late,100792205615895,01-007922-05-10,1795,20963183,360,X-Ray inspection (AXI) NOK,616,20.451
2026-02-06,late,100814205388820,01-008142-05-10,1807,20963797,20,Barcode/datamatrix code quality NOK,488,20.485
2026-02-06,late,174056804830994,01-740568-04-00,2026,20963964,260,Automatical optical check NOK,275,11.612
2026-02-06,late,174057004778462,01-740570-04-00,1814,20963047,20,Final Test Radar NOK,635,17.282
2026-02-06,late,174137401283630,01-741374-01-20,1807,20963848,50,X-Ray inspection (AXI) NOK,616,15.134
2026-02-06,night,100792205456032,01-007922-05-10,1806,20963223,360,Final Test Radar NOK,635,20.476
2026-02-06,night,100814205839943,01-008142-05-10,1814,20963797,120,Final Test Radar NOK,635,20.506
2026-02-06,night,174056704367940,01-740567-04-00,2512,20963452,300,Electrical fault,25,15.627
2026-02-07,early,100792205326274,01-007922-05-10,2513,20963712,80,Milling NOK,638,20.485
2026-02-07,early,100792205472314,01-007922-05-10,2513,20963223,180,MES Error,640,20.511
2026-02-07,early,100814205993111,01-008142-05-10,1806,20963240,230,Automatical optical check NOK,275,20.479
2026-02-07,early,174282601120327,01-742826-01-10,1814,20963537,40,Miscellaneous Defects,129,0.938
2026-02-07,early,174282601356430,01-742826-01-10,1794,20963109,240,Final Test Radar NOK,635,0.958
2026-02-07,late,100814205156015,01-008142-05-10,1802,20963767,250,Barcode/datamatrix code quality NOK,488,20.457
2026-02-07,late,174056804288777,01-740568-04-00,1812,20963674,30,Machine system error test chamber,642,NULL
2026-02-07,late,174137401294369,01-741374-01-10,2026,20963253,360,Barcode/datamatrix code quality NOK,488,15.642
2026-02-07,late,174282301490527,01-742823-01-00,2483,20963767,180,Final Test Radar NOK,635,15.395
2026-02-07,night,100814205377347,01-008142-05-10,1813,20963240,220,Final Test Radar NOK,635,20.440
2026-02-07,night,174056804404616,01-740568-04-00,1812,20963114,120,Final Test Radar NOK,635,11.653
2026-02-07,night,174137401447235,01-741374-01-10,1792,20963623,50,Final Test Radar NOK,635,15.628
2026-02-07,night,174137401466281,01-741374-01-20,1807,20963846,180,Machine system error test chamber,642,15.086
2026-02-07,night,174137401911622,01-741374-01-10,1807,20963638,30,Barcode/datamatrix code quality NOK,488,15.666
2026-02-07,night,174282401605612,01-742824-01-10,1808,20963304,50,Final Test Radar NOK,635,15.235
2026-02-08,early,100792205391155,01-007922-05-10,2483,20963685,90,Miscellaneous Defects,129,20.524
2026-02-08,early,174056804473545,01-740568-04-00,2483,20963964,240,Cleaning process error,618,11.629
2026-02-08,early,174282601387211,01-742826-01-10,1795,20963537,230,Barcode/datamatrix code quality NOK,488,0.951
2026-02-08,late,100792205211171,01-007922-05-10,2483,20963100,70,Final Test Radar NOK,635,20.505
2026-02-08,late,100792205790685,01-007922-05-10,1808,20963685,30,Barcode/datamatrix code quality NOK,488,20.518
2026-02-08,late,174137401491835,01-741374-01-20,1795,20963452,220,MES Error,640,15.095
2026-02-08,late,174137401626560,01-741374-01-20,1792,20963452,90,lower limit violation,819,15.118
2026-02-08,late,174137401960442,01-741374-01-20,2513,20963320,30,Automatical optical check NOK,275,15.146
2026-02-08,late,174282301928487,01-742823-01-00,1813,20963119,240,MES Error,640,15.463
2026-02-08,night,100814205767873,01-008142-05-10,1814,20963797,70,Final Test Radar NOK,635,20.452
2026-02-08,night,174056704654000,01-740567-04-00,2010,20963887,250,Automatical optical check NOK,275,15.707
2026-02-08,night,174282401160541,01-742824-01-10,2512,20963248,110,Miscellaneous Defects,129,15.190
2026-02-09,early,100792205966192,01-007922-05-10,1812,20963712,50,Machine system error test chamber,642,20.525
2026-02-09,early,100814205300287,01-008142-05-10,1814,20963253,180,MES Error,640,20.441
2026-02-09,early,174137401108454,01-741374-01-20,1814,20963452,50,Milling NOK,638,15.119
2026-02-09,late,100792205547185,01-007922-05-10,1802,20963183,90,Electrical fault,25,20.520
2026-02-09,late,100814205616428,01-008142-05-10,1806,20963253,360,Final Test Radar NOK,635,20.511
2026-02-09,late,174057004187949,01-740570-04-00,1806,20963933,100,MES Error,640,17.281
2026-02-09,late,174137401639292,01-741374-01-20,2512,20963848,240,Miscellaneous Defects,129,15.080
2026-02-09,night,100792205403149,01-007922-05-10,1802,20963223,360,MES Error,640,20.521
2026-02-09,night,100792205865891,01-007922-05-10,2483,20963685,120,Final Test Radar NOK,635,20.534
2026-02-10,early,100814205453784,01-008142-05-10,1804,20963240,220,Machine system error test chamber,642,20.446
2026-02-10,late,174056704745830,01-740567-04-00,2513,20963887,230,MES Error,640,15.693
2026-02-10,late,174056904646078,01-740569-04-00,1814,20963569,190,Final Test Radar NOK,635,15.638
2026-02-10,late,174057004264377,01-740570-04-00,1804,20963047,120,Process error,596,NULL
2026-02-10,late,174137401837771,01-741374-01-10,1792,20963774,30,MES Error,640,15.677
2026-02-10,late,174282301250255,01-742823-01-00,1802,20963767,250,Barcode/datamatrix code quality NOK,488,15.401
2026-02-10,night,100792205888371,01-007922-05-10,1804,20963797,60,Final Test Radar NOK,635,20.519
2026-02-10,night,174137401163859,01-741374-01-10,1794,20963638,180,Automatical optical check NOK,275,15.610
2026-02-10,night,174137401414901,01-741374-01-10,2026,20963638,300,Machine system error test chamber,642,15.669
2026-02-10,night,174137401796590,01-741374-01-20,1806,20963846,110,MES Error,640,15.079
2026-02-10,night,174137401921591,01-741374-01-20,2010,20963846,300,Final Test Radar NOK,635,15.114
2026-02-10,night,174137501261618,01-741375-01-00,1813,20963320,120,Final Test Radar NOK,635,15.884
2026-02-10,night,174137501656653,01-741375-01-00,1814,20963243,230,Process error,596,15.903
2026-02-10,night,174282401820413,01-742824-01-10,1806,20963304,30,Machine system error Label Verification,644,15.189
2026-02-10,night,174282601946703,01-742826-01-10,1812,20963109,360,Final Test Radar NOK,635,0.930
2026-02-11,early,174056904122010,01-740569-04-00,2483,20963774,80,Automatical optical check NOK,275,15.708
2026-02-11,early,174056904842640,01-740569-04-00,2513,20963364,360,X-Ray inspection (AXI) NOK,616,15.657
2026-02-11,early,174056904868140,01-740569-04-00,1807,20963774,90,Solder paste inspection NOK,680,15.687
2026-02-11,late,174056704459251,01-740567-04-00,1813,20963653,90,MES Error,640,15.696
2026-02-11,night,174056804392811,01-740568-04-00,1795,20963248,110,Solder paste inspection NOK,680,11.607
2026-02-11,night,174137401737991,01-741374-01-10,2512,20963774,40,MES Error,640,15.611
2026-02-11,night,174282301588850,01-742823-01-00,1808,20963245,220,Final Test Radar NOK,635,15.477
2026-02-11,night,174282401667789,01-742824-01-10,1806,20963304,120,MES Error,640,15.221
2026-02-12,early,174057004585705,01-740570-04-00,2513,20963933,250,Connection Error,602,17.282
2026-02-12,early,174057004978862,01-740570-04-00,2026,20963100,90,Final Test Radar NOK,635,17.270
2026-02-12,early,174137401879116,01-741374-01-10,2483,20963623,80,Miscellaneous Defects,129,15.699
2026-02-12,early,174137501234041,01-741375-01-00,1807,20963767,220,Machine system error Label Verification,644,15.891
2026-02-12,early,174282501220219,01-742825-01-00,1806,20963066,120,Milling NOK,638,2.589
2026-02-12,early,174282501308078,01-742825-01-00,1807,20963114,230,Final Test Radar NOK,635,2.519
2026-02-12,early,174282601248990,01-742826-01-10,1802,20963109,40,Final Test Radar NOK,635,0.993
2026-02-12,late,100792205618870,01-007922-05-10,2512,20963183,110,MES Error,640,NULL
2026-02-12,late,100814205525704,01-008142-05-10,1794,20963253,300,Machine system error test chamber,642,20.487
2026-02-12,late,174137501740140,01-741375-01-00,1812,20963301,120,Final Test Radar NOK,635,15.847
2026-02-12,night,100792205509985,01-007922-05-10,1813,20963045,60,Final Test Radar NOK,635,20.508
2026-02-12,night,100792205917919,01-007922-05-10,2026,20963685,100,Automatical optical check NOK,275,20.533
2026-02-12,night,174056804564306,01-740568-04-00,2026,20963964,180,Milling NOK,638,11.670
2026-02-12,night,174056904204656,01-740569-04-00,1794,20963674,360,Final Test Radar NOK,635,15.646
2026-02-12,night,174137401536999,01-741374-01-10,1792,20963774,250,Final Test Radar NOK,635,15.687
2026-02-12,night,174137501265969,01-741375-01-00,2513,20963243,100,Final Test Radar NOK,635,15.918
2026-02-12,night,174137501448428,01-741375-01-00,1813,20963301,220,Automatical optical check NOK,275,15.860
2026-02-13,early,100814205898867,01-008142-05-10,1808,20963653,360,Automatical optical check NOK,275,20.493
2026-02-13,early,174056904817002,01-740569-04-00,1792,20963741,70,Solder paste inspection NOK,680,15.619
2026-02-13,early,174057004959462,01-740570-04-00,1795,20963047,240,Final Test Radar NOK,635,17.261
2026-02-13,early,174137401343396,01-741374-01-10,1813,20963638,100,Final Test Radar NOK,635,15.653
2026-02-13,early,174137501443367,01-741375-01-00,1814,20963301,90,Final Test Radar NOK,635,15.840
2026-02-13,early,174282301434347,01-742823-01-00,1795,20963767,80,MES Error,640,15.392
2026-02-13,early,174282601279022,01-742826-01-10,2483,20963109,260,Final Test Radar NOK,635,1.019
2026-02-13,early,174282601758784,01-742826-01-10,1807,20963569,100,Machine system error test chamber,642,1.013
2026-02-13,late,174056904742818,01-740569-04-00,1794,20963774,120,Machine system error test chamber,642,15.688
2026-02-13,late,174057004360316,01-740570-04-00,1813,20963119,40,Final Test Radar NOK,635,17.257
2026-02-13,late,174282601844984,01-742826-01-10,1812,20963712,70,Final Test Radar NOK,635,0.933
2026-02-13,night,174056704936979,01-740567-04-00,1794,20963653,360,MES Error,640,15.676
2026-02-13,night,174056904645300,01-740569-04-00,1802,20963674,240,Machine system error test chamber,642,15.710
2026-02-13,night,174057004711727,01-740570-04-00,2026,20963047,30,MES Error,640,17.223
2026-02-13,night,174057004897925,01-740570-04-00,1804,20963047,80,Final Test Radar NOK,635,17.201
2026-02-13,night,174137501649960,01-741375-01-00,2513,20963611,70,Machine system error test chamber,642,15.870
2026-02-13,night,174282401765105,01-742824-01-10,1795,20963223,110,MES Error,640,15.223
2026-02-13,night,174282601281649,01-742826-01-10,1806,20963537,240,Final Test Radar NOK,635,0.934
2026-02-14,early,100792205225014,01-007922-05-10,2010,20963712,90,Solder paste inspection NOK,680,20.458
2026-02-14,early,100792205699111,01-007922-05-10,1814,20963712,180,Machine system error test chamber,642,20.535
2026-02-14,early,100814205981495,01-008142-05-10,1807,20963253,300,Final Test Radar NOK,635,20.460
2026-02-14,early,174056804597938,01-740568-04-00,1804,20963114,80,Machine system error Label Verification,644,11.638
2026-02-14,early,174057004420140,01-740570-04-00,1806,20963100,240,Final Test Radar NOK,635,17.231
2026-02-14,early,174137401463473,01-741374-01-10,2483,20963623,360,MES Error,640,15.638
2026-02-14,early,174137401636526,01-741374-01-20,1813,20963452,250,Final Test Radar NOK,635,15.126
2026-02-14,late,100792205878592,01-007922-05-10,2026,20963050,220,Machine system error Label Verification,644,20.473
2026-02-14,late,174056704512842,01-740567-04-00,1806,20963887,230,Automatical optical check NOK,275,15.656
2026-02-14,night,174056904673172,01-740569-04-00,1792,20963569,30,MES Error,640,15.698
2026-02-14,night,174057004128223,01-740570-04-00,2512,20963047,80,MES Error,640,17.270
2026-02-14,night,174057004591147,01-740570-04-00,1812,20963047,360,Machine system error Label Verification,644,17.206
2026-02-14,night,174137401198351,01-741374-01-20,1808,20963848,120,lower limit violation,819,15.112
2026-02-14,night,174282501702504,01-742825-01-00,2483,20963320,250,MES Error,640,2.582
2026-02-15,early,174056704441680,01-740567-04-00,1792,20963452,50,Final Test Radar NOK,635,15.701
2026-02-15,early,174137501875643,01-741375-01-00,1808,20963611,120,MES Error,640,15.832
2026-02-15,early,174282301972097,01-742823-01-00,2513,20963245,240,Final Test Radar NOK,635,15.462
2026-02-15,early,174282501233037,01-742825-01-00,1794,20963320,120,Miscellaneous Defects,129,2.605
2026-02-15,late,174056804777724,01-740568-04-00,1814,20963183,190,Communication to PCBA failed,607,11.633
2026-02-15,late,174056904888118,01-740569-04-00,1804,20963364,190,Final Test Radar NOK,635,15.617
2026-02-15,late,174057004384639,01-740570-04-00,1807,20963047,110,Final Test Radar NOK,635,17.245
2026-02-15,late,174137501400850,01-741375-01-00,1807,20963611,220,Machine system error Label Verification,644,15.881
2026-02-15,late,174282301762201,01-742823-01-00,1814,20963245,250,Process error,596,15.447
2026-02-15,late,174282501462351,01-742825-01-00,1813,20963846,220,Final Test Radar NOK,635,2.556
2026-02-15,late,174282601537789,01-742826-01-10,2010,20963109,250,Automatical optical check NOK,275,0.973
2026-02-15,night,100814205176697,01-008142-05-10,1813,20963611,40,Final Test Radar NOK,635,20.450
2026-02-15,night,174056904433299,01-740569-04-00,1808,20963569,70,Machine system error test chamber,642,15.617
2026-02-15,night,174057004247667,01-740570-04-00,2026,20963047,260,Machine system error Label Verification,644,17.246
2026-02-16,early,100792205650768,01-007922-05-10,1812,20963712,230,Label position NOK,564,20.469
2026-02-16,early,174056904403527,01-740569-04-00,1795,20963569,30,Final Test Radar NOK,635,15.636
2026-02-16,early,174137401229221,01-741374-01-20,1794,20963240,20,Machine system error Label Verification,644,15.110
2026-02-16,early,174282601122536,01-742826-01-10,1806,20963537,100,Automatical optical check NOK,275,0.958
2026-02-16,late,100792205860124,01-007922-05-10,1804,20963685,30,Final Test Radar NOK,635,20.510
2026-02-16,late,174056904828909,01-740569-04-00,1807,20963741,360,Press fit NOK,620,15.686
2026-02-16,late,174137401259077,01-741374-01-20,1814,20963245,190,Barcode/datamatrix code quality NOK,488,15.059
2026-02-16,late,174282501538174,01-742825-01-00,1802,20963320,240,MES Error,640,2.584
2026-02-16,night,174056704807227,01-740567-04-00,2483,20963119,60,Final Test Radar NOK,635,15.656
2026-02-16,night,174056804693186,01-740568-04-00,1806,20963964,40,Solder paste inspection NOK,680,11.613
2026-02-16,night,174057004633025,01-740570-04-00,1806,20963100,300,Connection Error,602,17.263
2026-02-16,night,174282401498777,01-742824-01-10,1806,20963846,180,Automatical optical check NOK,275,15.202
2026-02-16,night,174282501277003,01-742825-01-00,2010,20963320,100,Machine system error test chamber,642,2.527
2026-02-17,early,174056704527629,01-740567-04-00,1792,20963887,260,MES Error,640,15.626
2026-02-17,early,174056804971565,01-740568-04-00,2513,20963114,120,Automatical optical check NOK,275,11.689
2026-02-17,late,174056704748513,01-740567-04-00,1795,20963653,80,Automatical optical check NOK,275,15.695
2026-02-17,late,174056804207980,01-740568-04-00,1792,20963100,300,Final Test Radar NOK,635,11.604
2026-02-17,late,174056804207980,01-740568-04-00,2026,20963100,300,Final Test Radar NOK,635,11.604
2026-02-17,late,174057004376502,01-740570-04-00,2513,20963100,220,MES Error,640,17.259
2026-02-17,late,174137501185992,01-741375-01-00,1814,20963243,70,X-Ray inspection (AXI) NOK,616,15.885
2026-02-17,night,174056804226642,01-740568-04-00,2026,20963964,180,Final Test Radar NOK,635,11.653
2026-02-17,night,174056804301577,01-740568-04-00,2483,20963767,70,Machine system error test chamber,642,11.658
2026-02-17,night,174056904867333,01-740569-04-00,2483,20963569,80,Barcode/datamatrix code quality NOK,488,NULL
2026-02-17,night,174137401354832,01-741374-01-20,1804,20963452,60,Miscellaneous Defects,129,15.131
2026-02-18,early,100814205443767,01-008142-05-10,1812,20963797,260,Machine system error test chamber,642,20.522
2026-02-18,early,174056804628704,01-740568-04-00,1814,20963964,260,MES Error,640,11.628
2026-02-18,early,174056904732784,01-740569-04-00,2010,20963674,220,MES Error,640,15.634
2026-02-18,early,174056904751353,01-740569-04-00,1807,20963569,250,Final Test Radar NOK,635,15.639
2026-02-18,early,174057004837328,01-740570-04-00,1794,20963047,220,Final Test Radar NOK,635,17.274
2026-02-18,early,174137401279298,01-741374-01-10,2483,20963638,110,Machine Error,599,15.650
2026-02-18,early,174137401449421,01-741374-01-20,1804,20963846,240,Heat stacking NOK,621,15.065
2026-02-18,late,174282601367657,01-742826-01-10,2010,20963109,250,MES Error,640,0.983
2026-02-18,night,100814205752966,01-008142-05-10,1808,20963240,230,Final Test Radar NOK,635,20.499
2026-02-18,night,174056704228168,01-740567-04-00,2483,20963653,180,Milling NOK,638,15.697
2026-02-18,night,174057004734330,01-740570-04-00,1806,20963047,220,Process error,596,17.222
2026-02-18,night,174137401458844,01-741374-01-10,1814,20963623,220,Final Test Radar NOK,635,15.612
2026-02-18,night,174282401263324,01-742824-01-10,1804,20963050,240,Miscellaneous Defects,129,15.156
2026-02-19,early,100792205917070,01-007922-05-10,2513,20963223,20,Automatical optical check NOK,275,20.485
2026-02-19,early,174056904358114,01-740569-04-00,2513,20963674,50,Final Test Radar NOK,635,15.613
2026-02-19,early,174282501478898,01-742825-01-00,2026,20963578,40,Miscellaneous Defects,129,2.516
2026-02-19,early,174282601200301,01-742826-01-10,1812,20963537,70,Final Test Radar NOK,635,0.947
2026-02-19,late,100814205403442,01-008142-05-10,1807,20963797,30,Final Test Radar NOK,635,20.463
2026-02-19,late,174056904659763,01-740569-04-00,1814,20963741,50,Barcode/datamatrix code quality NOK,488,15.692
2026-02-19,late,174137401367240,01-741374-01-20,1795,20963846,250,Miscellaneous Defects,129,15.061
2026-02-19,night,174056704232559,01-740567-04-00,1802,20963452,300,Automatical optical check NOK,275,15.654
2026-02-19,night,174282501367704,01-742825-01-00,2010,20963066,110,Solder paste inspection NOK,680,2.565
2026-02-20,early,100792205766441,01-007922-05-10,2513,20963223,60,Miscellaneous Defects,129,20.499
2026-02-20,early,174056804651085,01-740568-04-00,1794,20963964,190,Machine system error test chamber,642,11.698
2026-02-20,early,174057004753513,01-740570-04-00,1795,20963100,40,Final Test Radar NOK,635,17.197
2026-02-20,early,174137501444056,01-741375-01-00,2512,20963653,50,Dispensing sealant NOK,633,15.892
2026-02-20,late,100792205397149,01-007922-05-10,1812,20963183,190,MES Error,640,20.484
2026-02-20,late,100792205734775,01-007922-05-10,1814,20963685,230,Machine system error Label Verification,644,20.453
2026-02-20,late,100792205842501,01-007922-05-10,1808,20963183,90,MES Error,640,20.496
2026-02-20,late,174056904619037,01-740569-04-00,2010,20963674,80,Machine system error Label Verification,644,15.672
2026-02-20,late,174057004833247,01-740570-04-00,1813,20963933,20,Final Test Radar NOK,635,17.217
2026-02-20,late,174137401314340,01-741374-01-20,1792,20963452,90,Miscellaneous Defects,129,15.072
2026-02-20,late,174137401920595,01-741374-01-20,2010,20963452,20,X-Ray inspection (AXI) NOK,616,15.065
2026-02-20,late,174137501145767,01-741375-01-00,1814,20963047,240,Final Test Radar NOK,635,15.859
2026-02-20,late,174282401281890,01-742824-01-10,1807,20963304,100,Milling NOK,638,15.159
2026-02-20,late,174282401781890,01-742824-01-10,1795,20963304,240,Final Test Radar NOK,635,15.224
2026-02-20,late,174282601455446,01-742826-01-10,1808,20963109,300,Machine system error Label Verification,644,0.991
2026-02-20,night,100814205518731,01-008142-05-10,2513,20963253,90,Final Test Radar NOK,635,20.512
2026-02-20,night,174056704332419,01-740567-04-00,1808,20963452,120,Machine system error test chamber,642,15.671
2026-02-20,night,174056804968454,01-740568-04-00,2026,20963887,20,Electrical fault,25,11.623
2026-02-20,night,174282301708388,01-742823-01-00,1802,20963245,90,Barcode/datamatrix code quality NOK,488,15.451
2026-02-20,night,174282401399736,01-742824-01-10,2513,20963578,20,Milling NOK,638,15.218
2026-02-21,early,174057004134963,01-740570-04-00,2026,20963933,120,Automatical optical check NOK,275,17.196
2026-02-21,early,174282501138669,01-742825-01-00,1804,20963320,240,Miscellaneous Defects,129,2.557
2026-02-21,late,100792205104493,01-007922-05-10,1808,20963685,30,Final Test Radar NOK,635,20.535
2026-02-21,late,174056804768460,01-740568-04-00,1804,20963964,250,MES Error,640,11.622
2026-02-21,late,174056904896806,01-740569-04-00,1804,20963741,120,Milling NOK,638,15.647
2026-02-21,late,174137401621084,01-741374-01-20,1792,20963452,300,Miscellaneous Defects,129,15.144
2026-02-21,late,174282501213598,01-742825-01-00,2026,20963887,180,Solder paste inspection NOK,680,2.553
2026-02-21,late,174282501648055,01-742825-01-00,2010,20963320,360,Machine system error Label Verification,644,2.561
2026-02-21,late,174282501953309,01-742825-01-00,2010,20963223,20,Final Test Radar NOK,635,2.600
2026-02-21,night,100792205705947,01-007922-05-10,1808,20963685,40,Final Test Radar NOK,635,20.476
2026-02-21,night,174056704527527,01-740567-04-00,1804,20963452,300,Machine system error Label Verification,644,15.699
2026-02-21,night,174056804143015,01-740568-04-00,2512,20963964,300,Cleaning process error,618,11.632
2026-02-21,night,174056804842762,01-740568-04-00,2513,20963578,260,Final Test Radar NOK,635,11.610
2026-02-21,night,174056904392003,01-740569-04-00,1804,20963767,40,Final Test Radar NOK,635,15.709
2026-02-21,night,174057004411643,01-740570-04-00,1813,20963712,50,Final Test Radar NOK,635,17.265
2026-02-22,early,174056904475075,01-740569-04-00,1802,20963774,110,Final Test Radar NOK,635,15.671
2026-02-22,early,174137401374258,01-741374-01-10,2010,20963623,90,Automatical optical check NOK,275,15.657
2026-02-22,early,174282501245893,01-742825-01-00,1804,20963320,120,Machine system error Label Verification,644,2.573
2026-02-22,early,174282501753484,01-742825-01-00,1812,20963066,70,Final Test Radar NOK,635,2.602
2026-02-22,late,100792205251981,01-007922-05-10,1807,20963685,360,MES Error,640,20.458
2026-02-22,late,174056904404103,01-740569-04-00,1814,20963364,20,Solder paste inspection NOK,680,15.627
2026-02-22,late,174056904856169,01-740569-04-00,2026,20963741,240,Connection Error,602,15.707
2026-02-22,late,174057004709722,01-740570-04-00,1813,20963100,300,MES Error,640,17.287
2026-02-22,late,174057004865305,01-740570-04-00,1808,20963245,260,Connection Error,602,17.285
2026-02-22,late,174137401860596,01-741374-01-20,1807,20963623,50,Machine system error Label Verification,644,15.059
2026-02-22,late,174282601917192,01-742826-01-10,1804,20963109,300,Machine system error Label Verification,644,0.934
2026-02-22,night,100792205759580,01-007922-05-10,2026,20963685,60,Final Test Radar NOK,635,NULL
2026-02-22,night,100814205266748,01-008142-05-10,1806,20963240,70,Final Test Radar NOK,635,20.441
2026-02-22,night,174056804794530,01-740568-04-00,2010,20963100,260,Solder paste inspection NOK,680,11.661
2026-02-22,night,174056904119652,01-740569-04-00,2010,20963364,120,Final Test Radar NOK,635,15.683
2026-02-23,early,174056704857260,01-740567-04-00,1794,20963452,40,Final Test Radar NOK,635,15.705
2026-02-23,early,174056904715138,01-740569-04-00,1794,20963674,300,Automatical optical check NOK,275,15.616
2026-02-23,late,174056904393520,01-740569-04-00,2026,20963050,20,Final Test Radar NOK,635,15.691
2026-02-23,late,174056904682051,01-740569-04-00,1802,20963611,230,Communication to PCBA failed,607,15.641
2026-02-23,late,174056904764849,01-740569-04-00,1794,20963569,100,Label position NOK,564,15.625
2026-02-23,night,100792205669153,01-007922-05-10,1806,20963712,120,Automatical optical check NOK,275,20.445
2026-02-23,night,174056704363581,01-740567-04-00,1813,20963887,260,MES Error,640,15.630
2026-02-23,night,174282301589220,01-742823-01-00,1814,20963245,80,Automatical optical check NOK,275,15.409
2026-02-24,early,100792205226610,01-007922-05-10,1812,20963223,60,Final Test Radar NOK,635,20.457
2026-02-24,early,100814205118127,01-008142-05-10,2010,20963741,190,Final Test Radar NOK,635,20.450
2026-02-24,early,174056804103521,01-740568-04-00,1795,20963114,50,Final Test Radar NOK,635,11.612
2026-02-24,early,174056904455210,01-740569-04-00,2513,20963364,40,Process error,596,15.674
2026-02-24,early,174056904523389,01-740569-04-00,1802,20963712,300,Final Test Radar NOK,635,15.668
2026-02-24,early,174057004396183,01-740570-04-00,1812,20963933,70,Automatical optical check NOK,275,17.281
2026-02-24,early,174057004999115,01-740570-04-00,2483,20963100,180,Barcode/datamatrix code quality NOK,488,17.250
2026-02-24,early,174137501205549,01-741375-01-00,1795,20963243,40,Electrical fault,25,15.835
2026-02-24,early,174282501701056,01-742825-01-00,1804,20963066,250,Final Test Radar NOK,635,2.546
2026-02-24,early,174282601229376,01-742826-01-10,1795,20963109,180,Machine system error Label Verification,644,0.977
2026-02-24,late,100814205741780,01-008142-05-10,1795,20963253,110,Final Test Radar NOK,635,20.482
2026-02-24,late,174056904234536,01-740569-04-00,2513,20963050,80,Machine system error Label Verification,644,15.677
2026-02-24,night,100792205220764,01-007922-05-10,1804,20963712,190,Automatical optical check NOK,275,20.513
2026-02-24,night,174056904905469,01-740569-04-00,1792,20963569,260,Final Test Radar NOK,635,15.629
2026-02-24,night,174137401453596,01-741374-01-20,1814,20963674,240,Final Test Radar NOK,635,15.067
2026-02-24,night,174137501402630,01-741375-01-00,2512,20963243,50,MES Error,640,15.889
2026-02-24,night,174282501381469,01-742825-01-00,1794,20963066,50,Final Test Radar NOK,635,2.525
2026-02-25,early,100792205238256,01-007922-05-10,2512,20963685,190,Miscellaneous Defects,129,20.486
2026-02-25,early,100792205630420,01-007922-05-10,1814,20963183,90,MES Error,640,20.512
2026-02-25,early,100814205105621,01-008142-05-10,1812,20963066,250,Final Test Radar NOK,635,20.470
2026-02-25,early,174056704671971,01-740567-04-00,1813,20963887,120,Automatical optical check NOK,275,15.641
2026-02-25,early,174137501406616,01-741375-01-00,1804,20963301,360,Final Test Radar NOK,635,15.868
2026-02-25,early,174137501820169,01-741375-01-00,1804,20963243,40,Heat stacking NOK,621,15.868
2026-02-25,late,100792205748543,01-007922-05-10,2010,20963114,190,Final Test Radar NOK,635,20.449
2026-02-25,late,174056704758793,01-740567-04-00,1792,20963452,230,Final Test Radar NOK,635,15.699
2026-02-25,late,174056904870214,01-740569-04-00,1814,20963569,360,Final Test Radar NOK,635,15.613
2026-02-25,night,100814205678874,01-008142-05-10,1807,20963240,70,MES Error,640,20.477
2026-02-25,night,174056904496009,01-740569-04-00,1806,20963050,190,Final Test Radar NOK,635,15.632
2026-02-25,night,174282301285107,01-742823-01-00,1814,20963245,250,MES Error,640,15.431
2026-02-26,early,174056804417459,01-740568-04-00,1802,20963045,40,Machine system error test chamber,642,11.677
2026-02-26,early,174137401714969,01-741374-01-10,1804,20963623,120,Miscellaneous Defects,129,15.622
2026-02-26,early,174137501910377,01-741375-01-00,1802,20963045,100,Communication to PCBA failed,607,15.873
2026-02-26,early,174282301426900,01-742823-01-00,1806,20963245,50,Solder paste inspection NOK,680,15.468
2026-02-26,early,174282401273838,01-742824-01-10,2483,20963248,300,Barcode/datamatrix code quality NOK,488,15.151
2026-02-26,early,174282501777513,01-742825-01-00,1792,20963066,70,Machine system error Label Verification,644,2.575
2026-02-26,late,100814205222451,01-008142-05-10,2512,20963253,250,Automatical optical check NOK,275,20.499
2026-02-26,late,174056904398384,01-740569-04-00,2512,20963674,260,Machine system error test chamber,642,15.659
2026-02-26,late,174056904599580,01-740569-04-00,2010,20963774,240,Final Test Radar NOK,635,15.639
2026-02-26,late,174057004186973,01-740570-04-00,1804,20963047,40,Automatical optical check NOK,275,17.262
2026-02-26,late,174137401620246,01-741374-01-20,2010,20963452,220,Miscellaneous Defects,129,15.121
2026-02-26,night,100792205211495,01-007922-05-10,2483,20963712,260,Miscellaneous Defects,129,20.441
2026-02-26,night,174137401373820,01-741374-01-10,1792,20963623,110,Final Test Radar NOK,635,15.692
2026-02-26,night,174137401434827,01-741374-01-20,2010,20963846,190,Barcode/datamatrix code quality NOK,488,15.126
2026-02-27,early,174056904694438,01-740569-04-00,2513,20963364,50,Assemble/close housing failure,46,15.624
2026-02-27,early,174282601675932,01-742826-01-10,1804,20963050,190,Solder paste inspection NOK,680,0.996
2026-02-27,early,174282601947073,01-742826-01-10,1813,20963537,360,MES Error,640,1.013
2026-02-27,late,174056704798435,01-740567-04-00,1806,20963887,50,Assemble/close housing failure,46,15.681
2026-02-27,late,174056804140666,01-740568-04-00,2026,20963114,120,Final Test Radar NOK,635,11.605
2026-02-27,late,174137401392736,01-741374-01-10,1814,20963638,100,Solder paste inspection NOK,680,15.631
2026-02-27,late,174137401715841,01-741374-01-10,1813,20963887,70,Miscellaneous Defects,129,15.631
2026-02-27,late,174282301383023,01-742823-01-00,1806,20963245,60,Machine system error Label Verification,644,15.426
2026-02-27,late,174282401450934,01-742824-01-10,1806,20963846,30,Final Test Radar NOK,635,15.218
2026-02-27,night,174056904979269,01-740569-04-00,1804,20963364,240,MES Error,640,15.621
2026-02-27,night,174057004606746,01-740570-04-00,1814,20963100,120,Automatical optical check NOK,275,17.217
2026-02-28,early,174056904546915,01-740569-04-00,1814,20963569,190,Final Test Radar NOK,635,15.622
2026-02-28,early,174137401248391,01-741374-01-10,1813,20963623,250,Dispensing sealant NOK,633,15.690
2026-02-28,early,174282401184179,01-742824-01-10,2512,20963304,240,Milling NOK,638,15.247
2026-02-28,late,100792205265603,01-007922-05-10,1802,20963537,240,Final Test Radar NOK,635,20.535
2026-02-28,late,100792205722565,01-007922-05-10,1814,20963183,250,Machine system error test chamber,642,20.493
2026-02-28,late,174056804380767,01-740568-04-00,1794,20963578,30,Final Test Radar NOK,635,11.669
2026-02-28,late,174056904992407,01-740569-04-00,1808,20963569,120,MES Error,640,15.681
2026-02-28,late,174057004457819,01-740570-04-00,1804,20963933,30,Final Test Radar NOK,635,17.221
2026-02-28,night,174137401817644,01-741374-01-20,1813,20963569,90,Automatical optical check NOK,275,15.060
2026-02-28,night,174137501565198,01-741375-01-00,1794,20963243,60,Miscellaneous Defects,129,15.867
2026-02-28,night,174282301419304,01-742823-01-00,1795,20963767,230,Machine system error Label Verification,644,15.442
2026-02-28,night,174282501615200,01-742825-01-00,1794,20963741,240,Final Test Radar NOK,635,2.545
2026-03-01,early,100814205375263,01-008142-05-10,1808,20963253,230,Final Test Radar NOK,635,20.482
2026-03-01,early,174056804481914,01-740568-04-00,2026,20963114,70,Dispensing sealant NOK,633,11.656
2026-03-01,early,174056804859293,01-740568-04-00,1794,20963578,220,MES Error,640,11.695
2026-03-01,early,174056904176819,01-740569-04-00,1807,20963774,250,Final Test Radar NOK,635,15.623
2026-03-01,early,174056904699569,01-740569-04-00,2026,20963741,20,Barcode/datamatrix code quality NOK,488,15.708
2026-03-01,early,174056904847748,01-740569-04-00,1795,20963364,40,Final Test Radar NOK,635,15.625
2026-03-01,early,174282601316612,01-742826-01-10,2010,20963109,260,Final Test Radar NOK,635,0.947
2026-03-01,late,174056804639926,01-740568-04-00,2483,20963578,80,Electrical fault,25,NULL
2026-03-01,late,174056904217984,01-740569-04-00,2483,20963674,60,Barcode/datamatrix code quality NOK,488,15.667
2026-03-01,late,174137501281276,01-741375-01-00,1806,20963611,80,Press fit NOK,620,15.833
2026-03-01,night,100792205479430,01-007922-05-10,1795,20963183,220,Automatical optical check NOK,275,20.499
2026-03-01,night,100792205508783,01-007922-05-10,1813,20963712,90,Final Test Radar NOK,635,20.514
2026-03-02,early,100792205548945,01-007922-05-10,2010,20963045,180,Final Test Radar NOK,635,20.475
2026-03-02,early,174137401516558,01-741374-01-10,2483,20963638,80,Process error,596,15.705
2026-03-02,early,174137401972970,01-741374-01-10,1806,20963797,240,Final Test Radar NOK,635,15.610
2026-03-02,late,174057004975260,01-740570-04-00,1814,20963100,190,Label position NOK,564,17.249
2026-03-02,late,174137401988951,01-741374-01-10,1808,20963964,110,Assemble/close housing failure,46,15.614
2026-03-02,late,174137501266793,01-741375-01-00,2026,20963243,40,Automatical optical check NOK,275,15.899
2026-03-02,night,174056704540304,01-740567-04-00,2026,20963119,120,MES Error,640,15.691
2026-03-02,night,174056904454019,01-740569-04-00,1794,20963050,20,Automatical optical check NOK,275,15.675
2026-03-02,night,174056904491784,01-740569-04-00,1792,20963741,230,Electrical fault,25,NULL
2026-03-02,night,174056904614788,01-740569-04-00,2512,20963364,360,Final Test Radar NOK,635,15.617
2026-03-02,night,174056904846746,01-740569-04-00,1814,20963774,190,Solder paste inspection NOK,680,15.663
2026-03-02,night,174137501169986,01-741375-01-00,1807,20963243,240,Final Test Radar NOK,635,15.919
2026-03-02,night,174137501700535,01-741375-01-00,2026,20963611,110,Machine system error Label Verification,644,15.884
2026-03-03,early,174282301166165,01-742823-01-00,2512,20963846,30,Final Test Radar NOK,635,15.400
2026-03-03,early,174282401143032,01-742824-01-10,1807,20963712,80,MES Error,640,15.243
2026-03-03,early,174282601589943,01-742826-01-10,1814,20963109,180,Machine system error Label Verification,644,0.958
2026-03-03,late,100814205415823,01-008142-05-10,1804,20963253,120,MES Error,640,20.524
2026-03-03,late,174056804150252,01-740568-04-00,1807,20963066,20,Machine system error test chamber,642,11.663
2026-03-03,late,174056804544150,01-740568-04-00,2026,20963114,40,Machine system error Label Verification,644,11.654
2026-03-03,late,174137401886739,01-741374-01-10,2010,20963301,110,Miscellaneous Defects,129,15.629
2026-03-03,late,174137401960607,01-741374-01-20,1802,20963452,230,Solder paste inspection NOK,680,15.067
2026-03-03,night,100792205789237,01-007922-05-10,2483,20963685,190,Miscellaneous Defects,129,20.514
2026-03-03,night,100814205127096,01-008142-05-10,1804,20963240,180,Final Test Radar NOK,635,20.478
2026-03-03,night,174056704797994,01-740567-04-00,1808,20963887,40,Final Test Radar NOK,635,15.696
2026-03-03,night,174056904556106,01-740569-04-00,1813,20963741,180,MES Error,640,15.664
2026-03-03,night,174137501275162,01-741375-01-00,1792,20963301,260,Machine system error test chamber,642,15.830
2026-03-03,night,174282401463880,01-742824-01-10,1808,20963248,30,Electrical fault,25,15.219
2026-03-04,early,100792205831157,01-007922-05-10,1814,20963767,240,Automatical optical check NOK,275,20.516
2026-03-04,early,100814205816728,01-008142-05-10,1812,20963253,190,Final Test Radar NOK,635,20.527
2026-03-04,early,174056704172623,01-740567-04-00,1812,20963887,190,Automatical optical check NOK,275,15.681
2026-03-04,early,174057004124647,01-740570-04-00,1792,20963797,20,Final Test Radar NOK,635,17.202
2026-03-04,early,174282301576287,01-742823-01-00,2010,20963245,90,Barcode/datamatrix code quality NOK,488,15.409
2026-03-04,early,174282401963245,01-742824-01-10,1804,20963248,240,Solder paste inspection NOK,680,15.194
2026-03-04,early,174282501900149,01-742825-01-00,1807,20963066,260,Final Test Radar NOK,635,2.589
2026-03-04,late,174056804859063,01-740568-04-00,1812,20963578,250,Label position NOK,564,11.641
2026-03-04,night,100792205216600,01-007922-05-10,2026,20963712,50,Machine system error Label Verification,644,20.540
2026-03-04,night,174056704925026,01-740567-04-00,1812,20963685,260,Final Test Radar NOK,635,15.668
2026-03-04,night,174137401433412,01-741374-01-20,2513,20963452,40,Final Test Radar NOK,635,15.052
2026-03-05,early,100792205412017,01-007922-05-10,2512,20963685,250,Final Test Radar NOK,635,20.451
2026-03-05,early,174056704650880,01-740567-04-00,2026,20963685,90,Miscellaneous Defects,129,15.638
2026-03-05,early,174056904796889,01-740569-04-00,2026,20963569,100,Label position NOK,564,15.680
2026-03-05,early,174057004602248,01-740570-04-00,2026,20963100,220,Automatical optical check NOK,275,17.281
2026-03-05,early,174137401138258,01-741374-01-20,1807,20963452,80,Final Test Radar NOK,635,15.120
2026-03-05,early,174137501218487,01-741375-01-00,1807,20963243,220,Final Test Radar NOK,635,15.909
2026-03-05,late,100814205485397,01-008142-05-10,1808,20963797,90,Barcode/datamatrix code quality NOK,488,20.488
2026-03-05,late,174056704850151,01-740567-04-00,1812,20963887,50,Miscellaneous Defects,129,15.617
2026-03-05,late,174056804242056,01-740568-04-00,2512,20963114,80,Final Test Radar NOK,635,11.694
2026-03-05,late,174056804338804,01-740568-04-00,1802,20963964,50,Automatical optical check NOK,275,11.655
2026-03-05,late,174056904741003,01-740569-04-00,2026,20963569,300,Automatical optical check NOK,275,15.695
2026-03-05,late,174282401960525,01-742824-01-10,1795,20963253,360,Machine system error Label Verification,644,15.218
2026-03-05,night,100792205564943,01-007922-05-10,1804,20963045,20,Final Test Radar NOK,635,20.460
2026-03-05,night,174056704447478,01-740567-04-00,1808,20963119,60,Final Test Radar NOK,635,15.659
2026-03-05,night,174057004135466,01-740570-04-00,1795,20963537,30,Electrical fault,25,17.231
2026-03-06,early,100792205123334,01-007922-05-10,2026,20963045,240,Automatical optical check NOK,275,20.454
2026-03-06,early,100792205141115,01-007922-05-10,2483,20963223,30,Automatical optical check NOK,275,20.532
2026-03-06,early,100792205635740,01-007922-05-10,1813,20963653,30,Final Test Radar NOK,635,20.479
2026-03-06,early,100814205687997,01-008142-05-10,1807,20963240,60,Final Test Radar NOK,635,20.464
2026-03-06,early,174137401619383,01-741374-01-20,1795,20963846,110,MES Error,640,15.094
2026-03-06,early,174137401821872,01-741374-01-20,1812,20963846,240,Final Test Radar NOK,635,15.077
2026-03-06,early,174137401841561,01-741374-01-10,1792,20963638,300,Final Test Radar NOK,635,15.666
2026-03-06,early,174282501743179,01-742825-01-00,1794,20963685,90,Final Test Radar NOK,635,2.603
2026-03-06,late,174056704403905,01-740567-04-00,1804,20963320,300,MES Error,640,15.644
2026-03-06,late,174056704904308,01-740567-04-00,1812,20963248,20,Solder paste printing missing,623,15.631
2026-03-06,late,174057004331389,01-740570-04-00,2513,20963100,40,Automatical optical check NOK,275,17.205
2026-03-06,late,174282301924584,01-742823-01-00,2026,20963114,100,Machine system error test chamber,642,15.474
2026-03-06,late,174282301988283,01-742823-01-00,2010,20963245,40,Machine system error Label Verification,644,15.452
2026-03-06,night,174056804333057,01-740568-04-00,1806,20963114,40,MES Error,640,11.667
2026-03-06,night,174282401929912,01-742824-01-10,1802,20963248,60,MES Error,640,15.173
2026-03-07,early,174056804238264,01-740568-04-00,1813,20963578,90,Final Test Radar NOK,635,11.632
2026-03-07,early,174056904225909,01-740569-04-00,1813,20963774,60,Final Test Radar NOK,635,15.656
2026-03-07,early,174282301752204,01-742823-01-00,1794,20963767,30,Miscellaneous Defects,129,15.437
2026-03-07,early,174282401991207,01-742824-01-10,1795,20963248,120,Electrical fault,25,15.170
2026-03-07,late,174057004658624,01-740570-04-00,2512,20963933,190,Solder paste inspection NOK,680,17.231
2026-03-07,late,174137401314528,01-741374-01-10,1806,20963638,50,Miscellaneous Defects,129,15.649
2026-03-07,late,174137501472358,01-741375-01-00,1814,20963611,250,MES Error,640,15.897
2026-03-07,late,174282601771425,01-742826-01-10,1812,20963109,260,Automatical optical check NOK,275,0.925
2026-03-07,night,100792205471872,01-007922-05-10,1804,20963183,80,Barcode/datamatrix code quality NOK,488,20.461
2026-03-07,night,174056904802040,01-740569-04-00,1814,20963674,90,Solder paste inspection NOK,680,15.622
2026-03-08,early,174137501934197,01-741375-01-00,2513,20963243,80,Final Test Radar NOK,635,15.830
2026-03-08,late,174056704278922,01-740567-04-00,1806,20963119,180,X-Ray inspection (AXI) NOK,616,15.680
2026-03-08,late,174056704354010,01-740567-04-00,2513,20963452,90,Automatical optical check NOK,275,15.621
2026-03-08,late,174056704410155,01-740567-04-00,1794,20963452,250,Miscellaneous Defects,129,15.677
2026-03-08,late,174056804395120,01-740568-04-00,1806,20963578,40,Automatical optical check NOK,275,11.690
2026-03-08,night,100792205850078,01-007922-05-10,2010,20963712,20,MES Error,640,20.514
2026-03-08,night,174056904778590,01-740569-04-00,1804,20963774,60,Solder paste inspection NOK,680,15.612
2026-03-08,night,174057004573963,01-740570-04-00,1812,20963047,190,Automatical optical check NOK,275,17.196
2026-03-08,night,174282601175604,01-742826-01-10,2010,20963050,100,Communication to PCBA failed,607,0.991
2026-03-09,early,100792205990890,01-007922-05-10,1795,20963045,90,Final Test Radar NOK,635,20.508
2026-03-09,early,174056904310894,01-740569-04-00,1808,20963774,360,Process error,596,15.620
2026-03-09,early,174056904568238,01-740569-04-00,2513,20963741,180,Final Test Radar NOK,635,15.665
2026-03-09,late,174056704665852,01-740567-04-00,1806,20963119,110,Solder paste printing missing,623,15.626
2026-03-09,late,174056804255875,01-740568-04-00,1794,20963578,20,Process error,596,11.651
2026-03-09,late,174056904278593,01-740569-04-00,1794,20963364,110,Solder paste printing missing,623,15.689
2026-03-09,late,174137501599284,01-741375-01-00,2512,20963243,260,Final Test Radar NOK,635,15.875
2026-03-09,night,174056904405663,01-740569-04-00,2026,20963674,360,Machine system error Label Verification,644,15.655
2026-03-09,night,174056904477717,01-740569-04-00,1802,20963674,20,Final Test Radar NOK,635,15.697
2026-03-09,night,174056904837877,01-740569-04-00,1802,20963774,360,MES Error,640,15.611
2026-03-09,night,174137401949618,01-741374-01-10,1792,20963623,50,Final Test Radar NOK,635,15.667
2026-03-09,night,174137501700005,01-741375-01-00,2513,20963611,240,Machine system error Label Verification,644,15.905
2026-03-09,night,174282601596789,01-742826-01-10,2483,20963243,100,Final Test Radar NOK,635,1.013
2026-03-10,early,100792205820184,01-007922-05-10,2513,20963183,40,Automatical optical check NOK,275,20.449
2026-03-10,late,174056904496131,01-740569-04-00,1804,20963741,20,Automatical optical check NOK,275,15.684
2026-03-10,late,174137501658461,01-741375-01-00,2483,20963611,230,Final Test Radar NOK,635,15.881
2026-03-10,night,174056704352207,01-740567-04-00,2513,20963119,240,Final Test Radar NOK,635,15.642
2026-03-10,night,174056904109287,01-740569-04-00,1813,20963674,60,Final Test Radar NOK,635,15.702
2026-03-10,night,174056904460491,01-740569-04-00,2483,20963050,300,Final Test Radar NOK,635,15.665
2026-03-11,early,100814205119506,01-008142-05-10,1806,20963253,300,MES Error,640,20.461
2026-03-11,early,174282301141311,01-742823-01-00,1794,20963243,60,Miscellaneous Defects,129,15.435
2026-03-11,late,100814205962367,01-008142-05-10,2010,20963240,50,Final Test Radar NOK,635,20.487
2026-03-11,late,174056804509758,01-740568-04-00,2512,20963114,360,Final Test Radar NOK,635,11.675
2026-03-11,late,174056904417180,01-740569-04-00,1792,20963578,50,Final Test Radar NOK,635,15.646
2026-03-11,late,174137401676749,01-741374-01-20,1795,20963848,30,Solder paste printing missing,623,NULL
2026-03-11,late,174137501755797,01-741375-01-00,1804,20963848,60,MES Error,640,15.865
2026-03-11,night,100814205142185,01-008142-05-10,1806,20963741,240,Machine system error test chamber,642,20.505
2026-03-11,night,174137401519517,01-741374-01-10,1813,20963623,70,Machine system error test chamber,642,15.667
2026-03-12,early,174056704409242,01-740567-04-00,2026,20963887,190,Automatical optical check NOK,275,15.651
2026-03-12,early,174137501137656,01-741375-01-00,2483,20963243,120,Final Test Radar NOK,635,15.907
2026-03-12,early,174137501597619,01-741375-01-00,1807,20963243,300,Machine system error Label Verification,644,15.838
2026-03-12,late,100792205712869,01-007922-05-10,1794,20963685,60,MES Error,640,20.440
2026-03-12,late,174056704967341,01-740567-04-00,2010,20963653,300,Machine system error Label Verification,644,15.645
2026-03-12,late,174056804756326,01-740568-04-00,2512,20963578,50,Check of fault status NOK,612,11.649
2026-03-12,late,174056904874750,01-740569-04-00,2513,20963569,230,MES Error,640,15.619
2026-03-12,late,174282601934735,01-742826-01-10,2512,20963364,190,Solder paste inspection NOK,680,0.991
2026-03-12,night,100792205529399,01-007922-05-10,1792,20963685,20,MES Error,640,NULL
2026-03-12,night,174137501647971,01-741375-01-00,1792,20963243,240,Barcode/datamatrix code quality NOK,488,15.898
2026-03-12,night,174282301929651,01-742823-01-00,1802,20963245,300,Check of fault status NOK,612,15.454
2026-03-13,early,174282301390070,01-742823-01-00,2512,20963245,30,Final Test Radar NOK,635,15.426
2026-03-13,early,174282401458802,01-742824-01-10,1812,20963304,40,Machine system error test chamber,642,15.227
2026-03-13,late,100792205131415,01-007922-05-10,1794,20963183,20,Miscellaneous Defects,129,20.518
2026-03-13,late,100792205266316,01-007922-05-10,1794,20963223,260,Machine system error test chamber,642,20.452
2026-03-13,late,100792205283061,01-007922-05-10,1792,20963109,50,Automatical optical check NOK,275,20.486
2026-03-13,late,174056704858705,01-740567-04-00,2513,20963653,230,Connection Error,602,15.683
2026-03-13,late,174282501922370,01-742825-01-00,1804,20963320,180,MES Error,640,2.582
2026-03-13,night,100792205464889,01-007922-05-10,1813,20963223,40,Machine system error Label Verification,644,20.511
2026-03-13,night,174137501602146,01-741375-01-00,1808,20963611,190,Solder paste inspection NOK,680,15.821
2026-03-14,early,174056804789225,01-740568-04-00,1792,20963578,240,Final Test Radar NOK,635,11.680
2026-03-14,early,174056904894693,01-740569-04-00,2483,20963569,90,Machine system error Label Verification,644,15.634
2026-03-14,early,174056904950544,01-740569-04-00,1813,20963774,40,Final Test Radar NOK,635,15.622
2026-03-14,early,174137401238808,01-741374-01-20,2026,20963301,220,Final Test Radar NOK,635,15.063
2026-03-14,early,174282601190898,01-742826-01-10,1802,20963050,60,Automatical optical check NOK,275,0.958
2026-03-14,late,174056904220031,01-740569-04-00,1814,20963741,70,Miscellaneous Defects,129,15.664
2026-03-14,late,174282501686311,01-742825-01-00,2010,20963066,360,Machine system error Label Verification,644,2.538
2026-03-14,late,174282501885327,01-742825-01-00,1807,20963320,230,Machine system error test chamber,642,2.517
2026-03-14,night,174056804744025,01-740568-04-00,1794,20963578,40,MES Error,640,11.686
2026-03-14,night,174137401241822,01-741374-01-10,2483,20963047,60,Machine system error Label Verification,644,15.702
2026-03-14,night,174282401156177,01-742824-01-10,2513,20963109,90,Process error,596,15.166
2026-03-15,early,174057004206851,01-740570-04-00,1813,20963047,360,Automatical optical check NOK,275,17.247
2026-03-15,early,174282601557125,01-742826-01-10,2010,20963537,230,Barcode/datamatrix code quality NOK,488,0.964
2026-03-15,late,174056804825990,01-740568-04-00,1804,20963741,80,Barcode/datamatrix code quality NOK,488,11.664
2026-03-15,late,174056904555051,01-740569-04-00,2026,20963674,50,Miscellaneous Defects,129,15.701
2026-03-15,night,100814205268698,01-008142-05-10,1807,20963253,50,Machine system error Label Verification,644,20.442
2026-03-15,night,174057004314125,01-740570-04-00,2513,20963114,50,MES Error,640,17.199
2026-03-15,night,174137401566423,01-741374-01-10,1792,20963623,60,Final Test Radar NOK,635,15.642
2026-03-15,night,174137401790472,01-741374-01-10,2026,20963243,300,Final Test Radar NOK,635,15.683
2026-03-16,early,100814205660380,01-008142-05-10,2010,20963797,60,Assemble/close housing failure,46,20.454
2026-03-16,early,174056804893653,01-740568-04-00,1792,20963712,70,Machine system error test chamber,642,11.675
2026-03-16,early,174137401934328,01-741374-01-20,2026,20963846,80,Milling NOK,638,15.132
2026-03-16,late,174056804774843,01-740568-04-00,2026,20963964,40,Final Test Radar NOK,635,11.699
2026-03-16,late,174137401743530,01-741374-01-20,1794,20963452,40,Final Test Radar NOK,635,15.123
2026-03-16,late,174137501355836,01-741375-01-00,1804,20963611,20,Automatical optical check NOK,275,15.842
2026-03-16,late,174137501633469,01-741375-01-00,1808,20963243,50,Solder paste printing missing,623,15.899
2026-03-16,late,174282301184120,01-742823-01-00,1804,20963569,30,Final Test Radar NOK,635,15.458
2026-03-16,late,174282401625580,01-742824-01-10,1795,20963304,260,MES Error,640,NULL
2026-03-16,night,174056704520974,01-740567-04-00,2512,20963653,20,Final Test Radar NOK,635,15.649
2026-03-16,night,174056904200839,01-740569-04-00,2513,20963774,300,Automatical optical check NOK,275,15.664
2026-03-16,night,174057004465004,01-740570-04-00,2026,20963100,40,Miscellaneous Defects,129,17.193
2026-03-16,night,174137401911966,01-741374-01-20,1804,20963846,60,Dispensing sealant NOK,633,15.095
2026-03-16,night,174282501950931,01-742825-01-00,1802,20963320,190,Final Test Radar NOK,635,2.554
2026-03-17,early,174056704616342,01-740567-04-00,1804,20963653,220,Automatical optical check NOK,275,15.630
2026-03-17,early,174137501172371,01-741375-01-00,2513,20963301,30,Final Test Radar NOK,635,15.861
2026-03-17,early,174282501515494,01-742825-01-00,1807,20963066,230,Final Test Radar NOK,635,2.564
2026-03-17,late,100792205122243,01-007922-05-10,1802,20963685,110,Final Test Radar NOK,635,20.514
2026-03-17,late,100814205743529,01-008142-05-10,2483,20963797,50,Electrical fault,25,20.508
2026-03-17,late,174057004678333,01-740570-04-00,1812,20963933,360,Automatical optical check NOK,275,17.207
2026-03-17,late,174137401215027,01-741374-01-20,1813,20963653,20,Final Test Radar NOK,635,15.093
2026-03-17,late,174137501315078,01-741375-01-00,1807,20963243,360,Automatical optical check NOK,275,15.895
2026-03-17,late,174282401620276,01-742824-01-10,1792,20963304,80,Automatical optical check NOK,275,15.183
2026-03-17,late,174282501330987,01-742825-01-00,2512,20963320,110,Final Test Radar NOK,635,2.588
2026-03-17,night,100814205612756,01-008142-05-10,1814,20963797,240,Final Test Radar NOK,635,20.496
2026-03-17,night,100814205949524,01-008142-05-10,2026,20963797,240,Miscellaneous Defects,129,20.535
2026-03-17,night,174056704529495,01-740567-04-00,1813,20963452,110,Connection Error,602,15.675
2026-03-17,night,174056704714483,01-740567-04-00,1802,20963240,120,Final Test Radar NOK,635,15.642
2026-03-17,night,174056704760047,01-740567-04-00,2512,20963887,360,Final Test Radar NOK,635,15.641
2026-03-17,night,174057004221839,01-740570-04-00,2483,20963653,40,Communication to PCBA failed,607,NULL
2026-03-17,night,174282501818709,01-742825-01-00,1795,20963452,220,Machine system error test chamber,642,2.546
2026-03-17,night,174282601420155,01-742826-01-10,1808,20963537,70,Final Test Radar NOK,635,0.988
2026-03-17,night,174282601992083,01-742826-01-10,1794,20963537,70,Solder paste inspection NOK,680,0.952
2026-03-18,early,100792205170674,01-007922-05-10,1794,20963685,120,Automatical optical check NOK,275,20.468
2026-03-18,early,174056804639668,01-740568-04-00,1812,20963578,120,Final Test Radar NOK,635,11.660
2026-03-18,early,174056904361826,01-740569-04-00,1794,20963674,50,Miscellaneous Defects,129,15.672
2026-03-18,early,174056904639907,01-740569-04-00,2512,20963050,220,Automatical optical check NOK,275,15.614
2026-03-18,late,100792205151353,01-007922-05-10,1795,20963223,100,Final Test Radar NOK,635,20.485
2026-03-18,late,100792205252200,01-007922-05-10,2483,20963685,20,Final Test Radar NOK,635,20.533
2026-03-18,late,174056704821401,01-740567-04-00,1812,20963653,360,Final Test Radar NOK,635,15.673
2026-03-18,late,174056804126905,01-740568-04-00,2513,20963964,250,Final Test Radar NOK,635,NULL
2026-03-18,late,174056804418148,01-740568-04-00,1808,20963964,110,Final Test Radar NOK,635,11.655
2026-03-18,late,174056904328374,01-740569-04-00,1814,20963848,30,Final Test Radar NOK,635,15.670
2026-03-18,late,174056904788056,01-740569-04-00,1794,20963741,180,Process error,596,15.649
2026-03-18,late,174282601399645,01-742826-01-10,1806,20963240,20,MES Error,640,1.019
2026-03-18,night,100792205368672,01-007922-05-10,1795,20963223,50,Machine system error Label Verification,644,20.446
2026-03-18,night,174056904720301,01-740569-04-00,1812,20963774,50,Machine system error Label Verification,644,15.632
2026-03-18,night,174282501114338,01-742825-01-00,2483,20963066,40,Final Test Radar NOK,635,2.609
2026-03-19,early,100814205307183,01-008142-05-10,1804,20963240,90,Milling NOK,638,20.444
2026-03-19,early,174056704169120,01-740567-04-00,1806,20963887,80,MES Error,640,15.679
2026-03-19,early,174137401898462,01-741374-01-20,2026,20963452,240,Barcode/datamatrix code quality NOK,488,15.108
2026-03-19,late,100792205502118,01-007922-05-10,1812,20963712,90,Final Test Radar NOK,635,20.507
2026-03-19,late,100792205695736,01-007922-05-10,2483,20963045,120,Final Test Radar NOK,635,20.481
2026-03-19,late,174056904626236,01-740569-04-00,2026,20963569,60,Automatical optical check NOK,275,NULL
2026-03-19,night,174056704280941,01-740567-04-00,1794,20963933,90,MES Error,640,15.709
2026-03-19,night,174056704999594,01-740567-04-00,1812,20963653,300,Electrical fault,25,15.642
2026-03-19,night,174057004589108,01-740570-04-00,1802,20963933,260,Automatical optical check NOK,275,17.210
2026-03-19,night,174057004597203,01-740570-04-00,1813,20963933,250,Automatical optical check NOK,275,17.225
2026-03-19,night,174137401606773,01-741374-01-20,2513,20963846,240,Final Test Radar NOK,635,15.108
2026-03-19,night,174282501100708,01-742825-01-00,2512,20963066,110,Machine system error Label Verification,644,2.568
2026-03-20,early,100792205794070,01-007922-05-10,1804,20963045,110,Automatical optical check NOK,275,20.446
2026-03-20,early,100814205597166,01-008142-05-10,1807,20963712,110,Machine system error Label Verification,644,20.448
2026-03-20,early,100814205961949,01-008142-05-10,2026,20963253,360,Machine system error Label Verification,644,20.441
2026-03-20,early,174056904663312,01-740569-04-00,1795,20963364,60,Heat stacking NOK,621,15.632
2026-03-20,early,174282501187267,01-742825-01-00,1806,20963301,230,Final Test Radar NOK,635,2.582
2026-03-20,late,100792205646802,01-007922-05-10,1814,20963578,70,MES Error,640,20.503
2026-03-20,late,100814205504868,01-008142-05-10,2010,20963240,20,Final Test Radar NOK,635,20.474
2026-03-20,late,174056804193624,01-740568-04-00,1792,20963797,360,Machine system error test chamber,642,11.640
2026-03-20,late,174137501967442,01-741375-01-00,2513,20963611,50,Final Test Radar NOK,635,15.891
2026-03-20,late,174282501460489,01-742825-01-00,1792,20963066,110,Solder paste inspection NOK,680,2.548
2026-03-20,late,174282501885088,01-742825-01-00,1807,20963240,60,Final Test Radar NOK,635,2.561
2026-03-20,night,100814205574514,01-008142-05-10,1802,20963253,50,Final Test Radar NOK,635,20.440
2026-03-20,night,174056704616139,01-740567-04-00,1795,20963452,250,Final Test Radar NOK,635,15.645
2026-03-20,night,174056904386706,01-740569-04-00,2483,20963050,240,MES Error,640,15.634
2026-03-20,night,174137501341535,01-741375-01-00,2483,20963243,120,Automatical optical check NOK,275,15.868
2026-03-20,night,174137501549407,01-741375-01-00,1802,20963301,50,Barcode/datamatrix code quality NOK,488,15.905
2026-03-20,night,174282601406045,01-742826-01-10,1804,20963887,110,Solder paste inspection NOK,680,0.954
2026-03-21,early,100792205249145,01-007922-05-10,1808,20963712,180,Machine system error Label Verification,644,20.443
2026-03-21,early,100792205809570,01-007922-05-10,1802,20963452,70,Final Test Radar NOK,635,20.468
2026-03-21,early,174137401343545,01-741374-01-10,1813,20963638,240,Final Test Radar NOK,635,15.615
2026-03-21,early,174282501751226,01-742825-01-00,1807,20963066,190,Final Test Radar NOK,635,2.571
2026-03-21,late,100792205787149,01-007922-05-10,2483,20963685,260,Machine system error Label Verification,644,20.506
2026-03-21,late,174056704930382,01-740567-04-00,1795,20963653,120,Cleaning process error,618,15.653
2026-03-21,late,174057004660737,01-740570-04-00,2512,20963933,220,Machine system error Label Verification,644,17.262
2026-03-21,late,174137401285006,01-741374-01-20,1808,20963846,110,Final Test Radar NOK,635,15.108
2026-03-21,late,174282301786913,01-742823-01-00,1806,20963245,60,MES Error,640,15.422
2026-03-21,late,174282601790491,01-742826-01-10,1806,20963109,50,Solder paste inspection NOK,680,0.934
2026-03-21,night,174056804297594,01-740568-04-00,1806,20963114,30,Miscellaneous Defects,129,11.627
2026-03-21,night,174056904956360,01-740569-04-00,2513,20963569,90,Automatical optical check NOK,275,15.652
2026-03-21,night,174057004114901,01-740570-04-00,1804,20963047,120,Final Test Radar NOK,635,17.282
2026-03-21,night,174057004664458,01-740570-04-00,1794,20963933,30,Final Test Radar NOK,635,17.247
2026-03-21,night,174057004885663,01-740570-04-00,1813,20963933,220,Final Test Radar NOK,635,17.192
2026-03-21,night,174137501654859,01-741375-01-00,2512,20963301,90,Heat stacking NOK,621,15.913
2026-03-21,night,174137501725185,01-741375-01-00,1795,20963243,30,Process error,596,15.836
2026-03-21,night,174282301401137,01-742823-01-00,2483,20963100,360,Final Test Radar NOK,635,15.406
2026-03-22,early,100792205873704,01-007922-05-10,1808,20963045,220,Electrical fault,25,20.508
2026-03-22,early,174056704819559,01-740567-04-00,1802,20963452,190,MES Error,640,15.676
2026-03-22,early,174056904375710,01-740569-04-00,1802,20963741,60,Machine system error test chamber,642,15.669
2026-03-22,early,174057004360735,01-740570-04-00,1807,20963933,80,Machine system error Label Verification,644,17.235
2026-03-22,early,174137401224218,01-741374-01-10,2026,20963623,30,Final Test Radar NOK,635,15.671
2026-03-22,late,100792205799360,01-007922-05-10,2026,20963623,250,MES Error,640,20.483
2026-03-22,late,174056704199856,01-740567-04-00,2026,20963452,260,Final Test Radar NOK,635,15.698
2026-03-22,late,174056704854038,01-740567-04-00,1813,20963887,260,MES Error,640,15.614
2026-03-22,late,174056904216587,01-740569-04-00,1813,20963050,90,Final Test Radar NOK,635,15.622
2026-03-22,late,174137401318097,01-741374-01-10,1792,20963240,20,Machine system error Label Verification,644,15.614
2026-03-22,late,174282401744718,01-742824-01-10,2483,20963304,100,Automatical optical check NOK,275,15.186
2026-03-22,night,174056704218453,01-740567-04-00,1802,20963887,40,Final Test Radar NOK,635,15.688
2026-03-22,night,174056704660605,01-740567-04-00,2513,20963611,180,MES Error,640,15.640
2026-03-22,night,174056804905973,01-740568-04-00,1814,20963964,230,Barcode/datamatrix code quality NOK,488,11.634
2026-03-22,night,174056904430664,01-740569-04-00,2512,20963050,110,Milling NOK,638,15.666
2026-03-23,early,100792205711677,01-007922-05-10,1812,20963712,110,MES Error,640,20.520
2026-03-23,early,100814205162099,01-008142-05-10,2483,20963797,60,Barcode/datamatrix code quality NOK,488,20.488
2026-03-23,early,174056904233778,01-740569-04-00,1794,20963674,80,Automatical optical check NOK,275,15.681
2026-03-23,late,100792205275803,01-007922-05-10,1812,20963712,230,Final Test Radar NOK,635,20.526
2026-03-23,late,100792205587521,01-007922-05-10,1795,20963712,250,Solder paste inspection NOK,680,20.449
2026-03-23,late,100792205946485,01-007922-05-10,2026,20963223,80,Final Test Radar NOK,635,20.458
2026-03-23,late,100792205972838,01-007922-05-10,2483,20963223,110,Final Test Radar NOK,635,20.453
2026-03-23,late,100814205344903,01-008142-05-10,2513,20963240,190,Solder paste inspection NOK,680,20.519
2026-03-23,late,100814205585331,01-008142-05-10,2512,20963240,180,Final Test Radar NOK,635,20.489
2026-03-23,late,174056804184252,01-740568-04-00,1795,20963964,260,Automatical optical check NOK,275,11.632
2026-03-23,night,100792205789700,01-007922-05-10,1804,20963712,110,Machine Error,599,NULL
2026-03-23,night,174056704369840,01-740567-04-00,2513,20963452,100,Final Test Radar NOK,635,15.656
2026-03-24,early,100792205437433,01-007922-05-10,1808,20963653,220,Final Test Radar NOK,635,20.467
2026-03-24,early,100814205929653,01-008142-05-10,1792,20963797,60,Final Test Radar NOK,635,20.470
2026-03-24,early,174137501507062,01-741375-01-00,1792,20963611,260,Final Test Radar NOK,635,15.850
2026-03-24,early,174282301654020,01-742823-01-00,2513,20963304,120,Miscellaneous Defects,129,15.421
2026-03-24,early,174282501824233,01-742825-01-00,1808,20963066,100,Machine system error Label Verification,644,2.548
2026-03-24,late,174056704250977,01-740567-04-00,1794,20963245,230,Final Test Radar NOK,635,15.681
2026-03-24,late,174056904574312,01-740569-04-00,1795,20963569,120,Label position NOK,564,15.674
2026-03-24,late,174057004692493,01-740570-04-00,2483,20963047,360,X-Ray inspection (AXI) NOK,616,17.286
2026-03-24,late,174137401909188,01-741374-01-20,1812,20963848,220,MES Error,640,15.097
2026-03-24,night,174056704585882,01-740567-04-00,2513,20963119,120,Final Test Radar NOK,635,15.635
2026-03-24,night,174056704675215,01-740567-04-00,2512,20963119,60,Final Test Radar NOK,635,15.684
2026-03-24,night,174056904129576,01-740569-04-00,2010,20963741,300,Machine system error Label Verification,644,15.624
2026-03-24,night,174056904315025,01-740569-04-00,1804,20963741,260,MES Error,640,15.624
2026-03-24,night,174056904515493,01-740569-04-00,1792,20963741,30,Machine system error Label Verification,644,15.689
2026-03-24,night,174056904971861,01-740569-04-00,2512,20963364,90,Automatical optical check NOK,275,15.632
2026-03-24,night,174057004989433,01-740570-04-00,1814,20963047,70,Solder paste inspection NOK,680,17.262
2026-03-24,night,174137501180527,01-741375-01-00,2026,20963301,250,Automatical optical check NOK,275,15.884
2026-03-25,early,174056804954151,01-740568-04-00,1804,20963964,120,Final Test Radar NOK,635,11.696
2026-03-25,early,174057004694706,01-740570-04-00,1802,20963100,90,Final Test Radar NOK,635,17.215
2026-03-25,early,174137401515943,01-741374-01-20,1794,20963846,20,Final Test Radar NOK,635,15.061
2026-03-25,early,174282501236243,01-742825-01-00,1807,20963320,110,MES Error,640,2.592
2026-03-25,early,174282501481913,01-742825-01-00,2483,20963320,40,Final Test Radar NOK,635,2.572
2026-03-25,late,174056704130750,01-740567-04-00,1795,20963653,110,Automatical optical check NOK,275,15.621
2026-03-25,late,174056704702235,01-740567-04-00,2483,20963653,80,Check of fault status NOK,612,15.628
2026-03-25,late,174056904173147,01-740569-04-00,1795,20963741,30,MES Error,640,15.686
2026-03-25,late,174056904430726,01-740569-04-00,1804,20963741,100,Automatical optical check NOK,275,15.616
2026-03-25,late,174057004725141,01-740570-04-00,2512,20963047,220,Final Test Radar NOK,635,17.268
2026-03-25,late,174057004836996,01-740570-04-00,2512,20963100,100,Final Test Radar NOK,635,17.215
2026-03-25,late,174137401716708,01-741374-01-10,2010,20963638,360,Automatical optical check NOK,275,15.683
2026-03-25,night,174056704259223,01-740567-04-00,1802,20963119,300,Final Test Radar NOK,635,15.629
2026-03-25,night,174056704918859,01-740567-04-00,2512,20963653,90,Final Test Radar NOK,635,15.686
2026-03-25,night,174056904242011,01-740569-04-00,1813,20963364,20,Final Test Radar NOK,635,15.672
2026-03-25,night,174282501246298,01-742825-01-00,1807,20963320,190,Automatical optical check NOK,275,2.598
2026-03-26,early,100792205516332,01-007922-05-10,1802,20963245,50,Automatical optical check NOK,275,20.487
2026-03-26,early,174056704308635,01-740567-04-00,1807,20963452,60,Machine system error test chamber,642,15.709
2026-03-26,early,174056904201546,01-740569-04-00,1807,20963674,250,Electrical fault,25,15.648
2026-03-26,early,174282301224980,01-742823-01-00,2483,20963245,220,Final Test Radar NOK,635,15.461
2026-03-26,early,174282301226741,01-742823-01-00,1813,20963767,60,Final Test Radar NOK,635,15.393
2026-03-26,late,100792205341238,01-007922-05-10,1802,20963183,120,Final Test Radar NOK,635,20.450
2026-03-26,late,100792205341238,01-007922-05-10,2010,20963183,120,Final Test Radar NOK,635,20.450
2026-03-26,late,100792205576782,01-007922-05-10,2513,20963712,120,Machine system error Label Verification,644,20.440
2026-03-26,late,100792205772928,01-007922-05-10,2010,20963183,80,Automatical optical check NOK,275,20.531
2026-03-26,late,100792205877195,01-007922-05-10,1808,20963050,30,Final Test Radar NOK,635,20.513
2026-03-26,late,174056704644022,01-740567-04-00,2010,20963653,90,Machine system error Label Verification,644,15.614
2026-03-26,late,174056804352201,01-740568-04-00,2010,20963964,190,Automatical optical check NOK,275,11.676
2026-03-26,late,174056804469166,01-740568-04-00,1802,20963114,70,Final Test Radar NOK,635,11.647
2026-03-26,late,174056804787106,01-740568-04-00,2026,20963578,60,Final Test Radar NOK,635,11.686
2026-03-26,late,174056904563555,01-740569-04-00,2010,20963364,250,Press fit NOK,620,15.611
2026-03-26,late,174137501314276,01-741375-01-00,1813,20963301,70,Machine system error test chamber,642,15.889
2026-03-26,late,174282301369251,01-742823-01-00,1806,20963245,20,Final Test Radar NOK,635,15.446
2026-03-26,late,174282301965942,01-742823-01-00,1792,20963304,90,MES Error,640,15.419
2026-03-26,night,174056704204545,01-740567-04-00,2512,20963119,250,Machine system error Label Verification,644,15.691
2026-03-26,night,174056904354377,01-740569-04-00,1807,20963047,190,Final Test Radar NOK,635,15.665
2026-03-26,night,174056904573105,01-740569-04-00,1814,20963741,240,Final Test Radar NOK,635,15.709
2026-03-26,night,174057004711150,01-740570-04-00,2010,20963100,230,Connection Error,602,17.246
2026-03-26,night,174137501657989,01-741375-01-00,1814,20963611,250,Electrical fault,25,15.860
2026-03-26,night,174282301518520,01-742823-01-00,2026,20963452,240,Automatical optical check NOK,275,15.413
2026-03-26,night,174282401596556,01-742824-01-10,1808,20963304,100,Machine system error Label Verification,644,15.205
2026-03-27,early,100792205960251,01-007922-05-10,1808,20963712,60,MES Error,640,20.460
2026-03-27,early,174056704118786,01-740567-04-00,1792,20963240,90,Final Test Radar NOK,635,15.679
2026-03-27,early,174056704728074,01-740567-04-00,1813,20963119,240,Automatical optical check NOK,275,15.613
2026-03-27,early,174056804260265,01-740568-04-00,1806,20963964,220,Solder paste inspection NOK,680,11.606
2026-03-27,early,174056804453853,01-740568-04-00,1794,20963578,90,Final Test Radar NOK,635,11.644
2026-03-27,early,174056804960617,01-740568-04-00,1807,20963578,220,Automatical optical check NOK,275,11.648
2026-03-27,early,174137401220760,01-741374-01-20,1795,20963846,50,Automatical optical check NOK,275,15.060
2026-03-27,late,100792205393212,01-007922-05-10,2512,20963223,70,Machine system error Label Verification,644,20.453
2026-03-27,late,174056704357874,01-740567-04-00,1814,20963452,120,Final Test Radar NOK,635,15.656
2026-03-27,late,174056904822672,01-740569-04-00,2512,20963569,120,MES Error,640,15.680
2026-03-27,late,174137501242505,01-741375-01-00,1792,20963243,110,MES Error,640,15.873
2026-03-27,late,174137501242505,01-741375-01-00,1814,20963243,110,MES Error,640,15.873
2026-03-27,night,100792205695642,01-007922-05-10,1794,20963685,20,Final Test Radar NOK,635,20.521
2026-03-27,night,174282501859340,01-742825-01-00,1795,20963320,250,Final Test Radar NOK,635,2.515
2026-03-28,early,100792205631897,01-007922-05-10,2513,20963223,80,Machine system error Label Verification,644,20.487
2026-03-28,early,174282301127790,01-742823-01-00,1806,20963767,260,Automatical optical check NOK,275,15.445
2026-03-28,late,100792205779525,01-007922-05-10,1813,20963183,20,Final Test Radar NOK,635,20.525
2026-03-28,late,174056804256219,01-740568-04-00,1814,20963964,40,Final Test Radar NOK,635,11.639
2026-03-28,late,174137501199161,01-741375-01-00,2512,20963243,120,Machine system error Label Verification,644,15.902
2026-03-28,late,174137501883149,01-741375-01-00,1806,20963611,100,MES Error,640,15.887
2026-03-28,night,100792205204822,01-007922-05-10,2513,20963685,240,Automatical optical check NOK,275,20.510
2026-03-28,night,100792205288050,01-007922-05-10,1794,20963685,60,Final Test Radar NOK,635,20.523
2026-03-28,night,100792205695402,01-007922-05-10,1794,20963685,100,MES Error,640,20.457
2026-03-28,night,100792205714298,01-007922-05-10,1795,20963712,40,Cleaning process error,618,20.488
2026-03-28,night,100792205837589,01-007922-05-10,1792,20963712,230,Miscellaneous Defects,129,20.476
2026-03-28,night,100814205647098,01-008142-05-10,1807,20963253,240,MES Error,640,20.530
2026-03-28,night,174137401860877,01-741374-01-20,2483,20963848,110,Miscellaneous Defects,129,15.057
2026-03-29,early,100792205968772,01-007922-05-10,1812,20963223,300,Final Test Radar NOK,635,20.528
2026-03-29,early,100814205655178,01-008142-05-10,2010,20963240,190,Final Test Radar NOK,635,20.505
2026-03-29,early,174056904624773,01-740569-04-00,2512,20963623,250,Automatical optical check NOK,275,15.671
2026-03-29,early,174137401229988,01-741374-01-10,2513,20963245,30,Final Test Radar NOK,635,15.696
2026-03-29,late,100814205789168,01-008142-05-10,2513,20963797,50,Final Test Radar NOK,635,20.526
2026-03-29,late,174057004800077,01-740570-04-00,2513,20963933,190,Automatical optical check NOK,275,17.216
2026-03-29,late,174137401171523,01-741374-01-20,2513,20963452,190,MES Error,640,15.111
2026-03-29,late,174137401618970,01-741374-01-10,1804,20963638,90,Connection Error,602,15.625
2026-03-29,late,174137501668663,01-741375-01-00,1795,20963243,40,Process error,596,15.907
2026-03-29,late,174282601465618,01-742826-01-10,1813,20963253,220,MES Error,640,0.945
2026-03-29,night,100814205881156,01-008142-05-10,1807,20963240,90,Solder paste inspection NOK,680,20.457
2026-03-29,night,174056804999762,01-740568-04-00,1807,20963578,40,Machine system error Label Verification,644,11.698
2026-03-29,night,174137501213094,01-741375-01-00,2483,20963301,220,Final Test Radar NOK,635,15.915
2026-03-29,night,174282401715380,01-742824-01-10,1814,20963964,20,Solder paste inspection NOK,680,15.155
2026-03-30,early,174056804988102,01-740568-04-00,2483,20963578,120,MES Error,640,11.648
2026-03-30,early,174057004914044,01-740570-04-00,2010,20963933,70,MES Error,640,17.228
2026-03-30,early,174137401610527,01-741374-01-10,2026,20963674,90,Final Test Radar NOK,635,15.697
2026-03-30,late,100792205884923,01-007922-05-10,1812,20963223,360,Automatical optical check NOK,275,20.531
2026-03-30,late,100814205343459,01-008142-05-10,2512,20963797,110,Automatical optical check NOK,275,20.501
2026-03-30,late,174056904478083,01-740569-04-00,2010,20963674,300,Machine system error test chamber,642,15.670
2026-03-30,late,174137401295268,01-741374-01-20,1806,20963848,50,Final Test Radar NOK,635,15.109
2026-03-30,night,100814205624776,01-008142-05-10,1804,20963240,180,Miscellaneous Defects,129,20.488
2026-03-30,night,174056704935259,01-740567-04-00,1804,20963364,250,Solder paste inspection NOK,680,15.669
2026-03-30,night,174056804544827,01-740568-04-00,2512,20963578,190,Final Test Radar NOK,635,11.635
2026-03-30,night,174056904672079,01-740569-04-00,1808,20963569,360,Final Test Radar NOK,635,15.666
2026-03-31,early,174056804709644,01-740568-04-00,1802,20963114,60,Automatical optical check NOK,275,11.670
2026-03-31,early,174056904693868,01-740569-04-00,1807,20963364,230,Final Test Radar NOK,635,15.672
2026-03-31,early,174057004382089,01-740570-04-00,1807,20963933,190,Final Test Radar NOK,635,17.191
2026-03-31,early,174057004757386,01-740570-04-00,1795,20963933,80,Final Test Radar NOK,635,17.276
2026-03-31,early,174282601194421,01-742826-01-10,2513,20963964,360,MES Error,640,0.935
2026-03-31,late,100792205335097,01-007922-05-10,1792,20963183,80,Final Test Radar NOK,635,20.503
2026-03-31,late,100792205348411,01-007922-05-10,1813,20963183,60,Machine system error test chamber,642,20.462
2026-03-31,late,174137501668373,01-741375-01-00,1794,20963611,230,Machine system error Label Verification,644,15.842
2026-03-31,late,174282501152113,01-742825-01-00,2026,20963240,260,MES Error,640,2.589
2026-03-31,night,174056804386604,01-740568-04-00,2512,20963253,240,Final Test Radar NOK,635,11.636
2026-03-31,night,174137401154909,01-741374-01-20,1814,20963848,40,Final Test Radar NOK,635,15.059
2026-03-31,night,174282501342001,01-742825-01-00,1813,20963066,80,Automatical optical check NOK,275,2.555
2026-04-01,early,100792205272734,01-007922-05-10,1804,20963183,20,MES Error,640,20.469
2026-04-01,early,100792205631187,01-007922-05-10,2026,20963741,220,Machine system error Label Verification,644,20.450
2026-04-01,early,100792205986128,01-007922-05-10,1806,20963045,240,Final Test Radar NOK,635,20.526
2026-04-01,early,174056904334181,01-740569-04-00,1792,20963050,120,Final Test Radar NOK,635,15.692
2026-04-01,early,174282501170499,01-742825-01-00,1808,20963050,180,Final Test Radar NOK,635,2.548
2026-04-01,late,174056804282573,01-740568-04-00,1802,20963774,180,X-Ray inspection (AXI) NOK,616,11.630
2026-04-01,late,174056804963322,01-740568-04-00,2010,20963964,120,Machine system error Label Verification,644,11.631
2026-04-01,late,174056904753534,01-740569-04-00,2026,20963050,40,Final Test Radar NOK,635,15.695
2026-04-01,late,174137401985174,01-741374-01-10,2010,20963638,50,Communication to PCBA failed,607,15.708
2026-04-01,late,174282401381356,01-742824-01-10,1812,20963623,70,Machine system error test chamber,642,15.189
2026-04-01,night,100792205124240,01-007922-05-10,1812,20963685,260,MES Error,640,20.440
2026-04-01,night,100792205704623,01-007922-05-10,1808,20963045,240,Final Test Radar NOK,635,20.471
2026-04-01,night,174056704763984,01-740567-04-00,1802,20963452,250,Machine system error test chamber,642,15.629
2026-04-01,night,174056804384682,01-740568-04-00,1807,20963964,70,Electrical fault,25,11.616
2026-04-01,night,174056904234120,01-740569-04-00,1792,20963741,90,Final Test Radar NOK,635,15.643
2026-04-01,night,174056904554779,01-740569-04-00,2483,20963569,190,Milling NOK,638,15.707
2026-04-01,night,174282401583887,01-742824-01-10,1814,20963304,190,Final Test Radar NOK,635,15.203
2026-04-01,night,174282401650549,01-742824-01-10,1794,20963304,260,Final Test Radar NOK,635,15.204
2026-04-01,night,174282401737679,01-742824-01-10,2026,20963248,20,Machine system error Label Verification,644,15.198
2026-04-02,early,100792205488196,01-007922-05-10,2513,20963223,100,Final Test Radar NOK,635,20.498
2026-04-02,early,174282601360696,01-742826-01-10,1804,20963109,300,MES Error,640,0.951
2026-04-02,early,174282601435604,01-742826-01-10,2513,20963964,90,Machine system error Label Verification,644,0.954
2026-04-02,late,174056804921032,01-740568-04-00,2512,20963109,190,X-Ray inspection (AXI) NOK,616,11.632
2026-04-02,late,174056904947718,01-740569-04-00,1808,20963364,90,Final Test Radar NOK,635,15.622
2026-04-02,late,174282401567785,01-742824-01-10,1804,20963304,220,Final Test Radar NOK,635,15.235
2026-04-02,night,174056704635714,01-740567-04-00,1794,20963364,360,Final Test Radar NOK,635,15.652
2026-04-02,night,174056704636265,01-740567-04-00,1802,20963887,190,Machine system error Label Verification,644,15.629
2026-04-02,night,174137401350786,01-741374-01-20,1813,20963848,240,Press fit NOK,620,15.087
2026-04-02,night,174137401832377,01-741374-01-20,1808,20963848,360,Connection Error,602,15.117
2026-04-02,night,174137401997409,01-741374-01-10,1804,20963638,110,Automatical optical check NOK,275,15.651
2026-04-02,night,174137401997737,01-741374-01-10,1808,20963623,180,Machine system error Label Verification,644,15.704
2026-04-03,early,174282401765913,01-742824-01-10,2026,20963537,230,Automatical optical check NOK,275,15.196
2026-04-03,early,174282601186629,01-742826-01-10,1814,20963109,30,Automatical optical check NOK,275,0.991
2026-04-03,early,174282601498281,01-742826-01-10,1813,20963537,90,Final Test Radar NOK,635,1.016
2026-04-03,late,100792205433888,01-007922-05-10,1812,20963183,300,Automatical optical check NOK,275,20.534
2026-04-03,late,174137401216349,01-741374-01-10,1806,20963623,260,Automatical optical check NOK,275,15.611
2026-04-03,late,174137401591650,01-741374-01-20,1794,20963848,250,MES Error,640,15.097
2026-04-03,night,100792205193724,01-007922-05-10,1804,20963223,360,MES Error,640,20.447
2026-04-03,night,100814205125420,01-008142-05-10,1802,20963887,80,Miscellaneous Defects,129,20.521
2026-04-03,night,174056804827382,01-740568-04-00,1802,20963114,50,Barcode/datamatrix code quality NOK,488,11.643
2026-04-03,night,174056804958350,01-740568-04-00,1792,20963964,110,Final Test Radar NOK,635,11.620
2026-04-04,early,174056704137042,01-740567-04-00,1813,20963452,300,Final Test Radar NOK,635,15.616
2026-04-04,early,174056704203396,01-740567-04-00,1812,20963114,90,Machine system error test chamber,642,15.685
2026-04-04,early,174056704829987,01-740567-04-00,1794,20963119,70,Automatical optical check NOK,275,15.669
2026-04-04,early,174056804395268,01-740568-04-00,1814,20963114,230,Final Test Radar NOK,635,11.675
2026-04-04,early,174056904115017,01-740569-04-00,1804,20963364,30,Final Test Radar NOK,635,15.626
2026-04-04,early,174056904935471,01-740569-04-00,1792,20963674,260,Final Test Radar NOK,635,15.629
2026-04-04,late,100792205428221,01-007922-05-10,1808,20963223,120,MES Error,640,20.511
2026-04-04,night,100814205550258,01-008142-05-10,2512,20963797,110,Automatical optical check NOK,275,20.448
2026-04-04,night,174137401749310,01-741374-01-20,1802,20963846,120,Miscellaneous Defects,129,15.095
2026-04-04,night,174137501279219,01-741375-01-00,1795,20963243,180,Machine system error test chamber,642,15.899
2026-04-04,night,174282401504630,01-742824-01-10,1802,20963248,90,MES Error,640,NULL
2026-04-05,early,100814205480655,01-008142-05-10,2512,20963240,40,Machine system error Label Verification,644,20.485
2026-04-05,early,100814205752048,01-008142-05-10,1807,20963240,110,Automatical optical check NOK,275,20.453
2026-04-05,early,174057004387745,01-740570-04-00,2483,20963047,50,Automatical optical check NOK,275,17.250
2026-04-05,early,174137401964098,01-741374-01-10,1804,20963248,260,Final Test Radar NOK,635,15.694
2026-04-05,early,174137501547649,01-741375-01-00,1812,20963611,80,Electrical fault,25,15.919
2026-04-05,early,174282301104750,01-742823-01-00,1794,20963245,300,Solder paste inspection NOK,680,15.414
2026-04-05,night,174137401544886,01-741374-01-20,2512,20963452,260,Final Test Radar NOK,635,15.053
2026-04-06,early,174137501741674,01-741375-01-00,1795,20963611,40,Final Test Radar NOK,635,15.860
2026-04-06,early,174282401520400,01-742824-01-10,1795,20963248,230,Final Test Radar NOK,635,15.227
2026-04-06,late,174056704500944,01-740567-04-00,1792,20963887,70,MES Error,640,15.633
2026-04-06,late,174056904891434,01-740569-04-00,1806,20963569,70,Final Test Radar NOK,635,15.612
2026-04-06,late,174137501276831,01-741375-01-00,1792,20963611,120,Final Test Radar NOK,635,15.899
2026-04-06,night,174056804397144,01-740568-04-00,1814,20963578,80,Final Test Radar NOK,635,11.660
2026-04-06,night,174056804450996,01-740568-04-00,2483,20963452,360,Barcode/datamatrix code quality NOK,488,11.630
2026-04-06,night,174056904453215,01-740569-04-00,1802,20963050,100,Press fit NOK,620,15.688
2026-04-06,night,174056904782872,01-740569-04-00,1792,20963050,180,Machine system error Label Verification,644,15.620
2026-04-06,night,174056904800969,01-740569-04-00,2513,20963741,80,Connection Error,602,15.610
2026-04-06,night,174137401575251,01-741374-01-10,1802,20963623,110,MES Error,640,15.656
2026-04-06,night,174282601830729,01-742826-01-10,1794,20963109,80,Final Test Radar NOK,635,0.935
2026-04-07,early,100792205807137,01-007922-05-10,2483,20963045,250,Automatical optical check NOK,275,20.538
2026-04-07,early,100792205947935,01-007922-05-10,2513,20963685,250,Final Test Radar NOK,635,20.517
2026-04-07,early,174137401894036,01-741374-01-10,1792,20963452,120,MES Error,640,15.697
2026-04-07,early,174282601479256,01-742826-01-10,1808,20963109,110,MES Error,640,0.933
2026-04-07,late,100792205156590,01-007922-05-10,2010,20963712,250,MES Error,640,20.497
2026-04-07,late,100792205832734,01-007922-05-10,2026,20963114,60,Barcode/datamatrix code quality NOK,488,20.468
2026-04-07,late,174137401172769,01-741374-01-10,2513,20963452,80,Solder paste inspection NOK,680,15.649
2026-04-07,night,100814205532694,01-008142-05-10,1808,20963797,230,Final Test Radar NOK,635,20.450
2026-04-07,night,174056704834594,01-740567-04-00,1806,20963452,120,Machine system error Label Verification,644,15.698
2026-04-07,night,174056904357485,01-740569-04-00,1813,20963741,50,Machine system error Label Verification,644,15.645
2026-04-07,night,174056904377633,01-740569-04-00,1807,20963364,90,Process error,596,15.704
2026-04-07,night,174137401589207,01-741374-01-20,1812,20963848,250,Machine system error test chamber,642,15.141
2026-04-07,night,174137501421282,01-741375-01-00,1813,20963243,190,Final Test Radar NOK,635,15.901
2026-04-07,night,174282301516798,01-742823-01-00,1814,20963245,230,Barcode/datamatrix code quality NOK,488,15.462
2026-04-08,early,174056704736032,01-740567-04-00,1804,20963119,40,Final Test Radar NOK,635,15.655
2026-04-08,early,174056704907812,01-740567-04-00,1808,20963452,360,Electrical fault,25,15.673
2026-04-08,late,100814205138399,01-008142-05-10,1807,20963797,110,Final Test Radar NOK,635,20.526
2026-04-08,late,174056704529491,01-740567-04-00,1812,20963452,30,Final Test Radar NOK,635,15.706
2026-04-08,late,174056904482590,01-740569-04-00,1804,20963569,250,Barcode/datamatrix code quality NOK,488,15.641
2026-04-08,late,174282301396327,01-742823-01-00,1804,20963767,80,Automatical optical check NOK,275,15.466
2026-04-08,late,174282301420015,01-742823-01-00,1808,20963767,90,Miscellaneous Defects,129,15.446
2026-04-08,night,100792205486903,01-007922-05-10,1794,20963685,40,Final Test Radar NOK,635,20.481
2026-04-08,night,100792205612295,01-007922-05-10,1795,20963045,250,Machine system error Label Verification,644,20.494
2026-04-08,night,100814205773918,01-008142-05-10,1792,20963887,360,Final Test Radar NOK,635,20.443
2026-04-08,night,100814205877939,01-008142-05-10,2512,20963253,190,Machine system error Label Verification,644,20.464
2026-04-08,night,174056804158624,01-740568-04-00,1808,20963578,300,Final Test Radar NOK,635,11.635
2026-04-08,night,174056904288526,01-740569-04-00,1808,20963741,60,Final Test Radar NOK,635,15.701
2026-04-08,night,174057004189092,01-740570-04-00,1807,20963933,60,MES Error,640,17.266
2026-04-08,night,174137501762003,01-741375-01-00,1806,20963611,70,Final Test Radar NOK,635,15.861
2026-04-09,early,100814205283120,01-008142-05-10,1804,20963240,70,Final Test Radar NOK,635,20.528
2026-04-09,early,100814205414662,01-008142-05-10,1795,20963797,190,Final Test Radar NOK,635,20.447
2026-04-09,early,174057004489933,01-740570-04-00,1804,20963100,100,Automatical optical check NOK,275,17.193
2026-04-09,early,174282501738404,01-742825-01-00,1792,20963712,360,Final Test Radar NOK,635,2.588
2026-04-09,late,174057004451367,01-740570-04-00,1806,20963240,300,MES Error,640,17.214
2026-04-09,late,174282501366570,01-742825-01-00,2483,20963066,190,MES Error,640,2.592
2026-04-09,night,174056804468191,01-740568-04-00,2483,20963114,50,Final Test Radar NOK,635,11.664
2026-04-09,night,174137401147400,01-741374-01-10,1806,20963623,80,Final Test Radar NOK,635,15.630
2026-04-10,early,100792205312398,01-007922-05-10,1808,20963183,360,Solder paste inspection NOK,680,20.464
2026-04-10,early,100814205516965,01-008142-05-10,1812,20963320,50,Final Test Radar NOK,635,NULL
2026-04-10,early,100814205516965,01-008142-05-10,2512,20963320,50,Final Test Radar NOK,635,NULL
2026-04-10,early,100814205807226,01-008142-05-10,2026,20963240,180,Heat stacking NOK,621,20.518
2026-04-10,early,174137401479221,01-741374-01-20,2026,20963846,100,MES Error,640,15.103
2026-04-10,early,174282501259325,01-742825-01-00,1795,20963320,240,Final Test Radar NOK,635,2.603
2026-04-10,late,174056904630930,01-740569-04-00,1795,20963887,180,Final Test Radar NOK,635,15.670
2026-04-10,late,174282401124318,01-742824-01-10,1806,20963304,260,Barcode/datamatrix code quality NOK,488,15.190
2026-04-10,night,100792205746233,01-007922-05-10,1792,20963685,70,Automatical optical check NOK,275,20.501
2026-04-10,night,174057004378189,01-740570-04-00,1795,20963933,30,Automatical optical check NOK,275,17.239
2026-04-11,early,174056704881028,01-740567-04-00,2483,20963846,50,Final Test Radar NOK,635,15.670
2026-04-11,early,174056804357016,01-740568-04-00,2026,20963674,80,Machine system error test chamber,642,11.666
2026-04-11,early,174056904652150,01-740569-04-00,2512,20963364,120,MES Error,640,15.703
2026-04-11,early,174137401593152,01-741374-01-10,1792,20963623,260,Automatical optical check NOK,275,15.645
2026-04-11,early,174282301384686,01-742823-01-00,1795,20963674,230,Final Test Radar NOK,635,15.421
2026-04-11,early,174282301900122,01-742823-01-00,1802,20963767,190,Barcode/datamatrix code quality NOK,488,15.412
2026-04-11,early,174282501980673,01-742825-01-00,2483,20963223,260,MES Error,640,2.559
2026-04-11,late,174056904991930,01-740569-04-00,1812,20963741,80,Solder paste inspection NOK,680,15.673
2026-04-11,late,174057004222034,01-740570-04-00,1795,20963846,120,Final Test Radar NOK,635,17.227
2026-04-11,late,174057004709888,01-740570-04-00,2512,20963100,360,Solder paste inspection NOK,680,17.196
2026-04-11,late,174057004933966,01-740570-04-00,2512,20963100,300,Final Test Radar NOK,635,17.219
2026-04-11,late,174137401253991,01-741374-01-20,1812,20963452,80,Final Test Radar NOK,635,15.117
2026-04-11,late,174137401741390,01-741374-01-20,1792,20963848,260,Final Test Radar NOK,635,15.143
2026-04-11,late,174137501728098,01-741375-01-00,2513,20963611,70,Automatical optical check NOK,275,15.878
2026-04-11,night,174056804873253,01-740568-04-00,1792,20963578,220,MES Error,640,11.629
2026-04-11,night,174056904543281,01-740569-04-00,1802,20963741,30,Final Test Radar NOK,635,15.636
2026-04-11,night,174056904657742,01-740569-04-00,1813,20963569,230,Final Test Radar NOK,635,15.690
2026-04-11,night,174057004275161,01-740570-04-00,1794,20963933,220,Machine system error test chamber,642,17.201
2026-04-11,night,174282601602381,01-742826-01-10,2513,20963537,30,Barcode/datamatrix code quality NOK,488,0.968
2026-04-12,early,100792205865479,01-007922-05-10,2483,20963223,90,Final Test Radar NOK,635,20.473
2026-04-12,early,174056704526180,01-740567-04-00,1792,20963887,100,Machine system error test chamber,642,15.702
2026-04-12,early,174056904131652,01-740569-04-00,1804,20963741,180,Barcode/datamatrix code quality NOK,488,15.618
2026-04-12,early,174056904185000,01-740569-04-00,2512,20963741,240,MES Error,640,15.673
2026-04-12,early,174056904271994,01-740569-04-00,2026,20963183,60,MES Error,640,15.614
2026-04-12,early,174137401885710,01-741374-01-20,1813,20963846,120,Final Test Radar NOK,635,15.062
2026-04-12,early,174137501350132,01-741375-01-00,1804,20963045,240,Automatical optical check NOK,275,15.842
2026-04-12,early,174282601976822,01-742826-01-10,2026,20963537,240,X-Ray inspection (AXI) NOK,616,1.014
2026-04-12,late,100792205821795,01-007922-05-10,1806,20963685,190,Final Test Radar NOK,635,20.477
2026-04-12,late,174056804429268,01-740568-04-00,2026,20963578,360,MES Error,640,11.698
2026-04-12,late,174137501531690,01-741375-01-00,1814,20963045,120,MES Error,640,15.879
2026-04-12,night,174056904255287,01-740569-04-00,2483,20963050,60,Miscellaneous Defects,129,15.641
2026-04-12,night,174056904918950,01-740569-04-00,1808,20963741,240,Machine system error test chamber,642,15.618
2026-04-13,early,174056904834659,01-740569-04-00,2010,20963364,180,Final Test Radar NOK,635,15.694
2026-04-13,early,174137501339474,01-741375-01-00,2010,20963301,30,Machine Error,599,15.836
2026-04-13,early,174282401682209,01-742824-01-10,1812,20963611,50,Final Test Radar NOK,635,15.186
2026-04-13,early,174282601426279,01-742826-01-10,1812,20963537,260,Final Test Radar NOK,635,0.932
2026-04-13,early,174282601902616,01-742826-01-10,1814,20963109,220,Final Test Radar NOK,635,0.950
2026-04-13,night,174056804438326,01-740568-04-00,1792,20963114,110,Machine system error Label Verification,644,11.614
2026-04-13,night,174056804582874,01-740568-04-00,1794,20963240,190,Final Test Radar NOK,635,11.670
2026-04-13,night,174056904462030,01-740569-04-00,1792,20963774,180,Final Test Radar NOK,635,15.683
2026-04-13,night,174137401375003,01-741374-01-10,1794,20963638,40,Solder paste inspection NOK,680,15.614
2026-04-13,night,174137401688683,01-741374-01-20,1802,20963846,300,Barcode/datamatrix code quality NOK,488,15.097
2026-04-14,early,174056704349717,01-740567-04-00,2483,20963119,230,Final Test Radar NOK,635,15.615
2026-04-14,early,174056704940346,01-740567-04-00,2512,20963653,250,Machine system error Label Verification,644,15.670
2026-04-14,early,174056904129054,01-740569-04-00,1804,20963569,180,Automatical optical check NOK,275,15.615
2026-04-14,early,174282501648122,01-742825-01-00,1802,20963320,20,Final Test Radar NOK,635,2.525
2026-04-14,late,100792205266989,01-007922-05-10,1813,20963685,230,Final Test Radar NOK,635,20.532
2026-04-14,late,174056804736980,01-740568-04-00,2512,20963964,30,Final Test Radar NOK,635,11.671
2026-04-14,late,174056904743217,01-740569-04-00,1795,20963452,120,Final Test Radar NOK,635,15.654
2026-04-14,late,174056904798751,01-740569-04-00,2513,20963364,20,Final Test Radar NOK,635,15.690
2026-04-14,late,174137401328909,01-741374-01-20,1807,20963452,50,Machine system error Label Verification,644,15.079
2026-04-14,late,174137401626326,01-741374-01-20,1814,20963848,110,Machine system error Label Verification,644,15.076
2026-04-14,late,174282301309501,01-742823-01-00,1808,20963767,230,Final Test Radar NOK,635,15.419
2026-04-14,late,174282301852675,01-742823-01-00,1808,20963245,40,Automatical optical check NOK,275,15.448
2026-04-14,late,174282601830838,01-742826-01-10,1804,20963109,40,Final Test Radar NOK,635,0.925
2026-04-14,night,174056704558745,01-740567-04-00,1813,20963887,360,Automatical optical check NOK,275,15.691
2026-04-14,night,174137401207500,01-741374-01-20,2026,20963578,240,Miscellaneous Defects,129,15.066
2026-04-14,night,174282501152455,01-742825-01-00,1812,20963741,30,Solder paste inspection NOK,680,2.545
2026-04-14,night,174282501251363,01-742825-01-00,2512,20963320,30,Machine system error Label Verification,644,2.551
2026-04-15,early,174056904543623,01-740569-04-00,2512,20963050,230,Final Test Radar NOK,635,15.674
2026-04-15,early,174137401281917,01-741374-01-10,1808,20963674,120,Final Test Radar NOK,635,15.616
2026-04-15,early,174137401355537,01-741374-01-10,2010,20963638,80,Miscellaneous Defects,129,15.700
2026-04-15,early,174137401575214,01-741374-01-10,1812,20963638,60,Final Test Radar NOK,635,15.647
2026-04-15,early,174137501715551,01-741375-01-00,1804,20963301,190,Automatical optical check NOK,275,15.876
2026-04-15,early,174282501673761,01-742825-01-00,1802,20963066,60,Machine system error Label Verification,644,2.575
2026-04-15,late,100792205675952,01-007922-05-10,2026,20963045,360,Final Test Radar NOK,635,NULL
2026-04-15,late,174137501463629,01-741375-01-00,2513,20963611,360,Solder paste inspection NOK,680,15.875
2026-04-15,night,100814205255950,01-008142-05-10,1808,20963253,50,Barcode/datamatrix code quality NOK,488,20.480
2026-04-15,night,174137501728207,01-741375-01-00,1807,20963243,30,Final Test Radar NOK,635,15.856
2026-04-16,early,100792205584202,01-007922-05-10,1813,20963045,60,Final Test Radar NOK,635,20.444
2026-04-16,early,174056904737517,01-740569-04-00,2513,20963674,90,Final Test Radar NOK,635,15.669
2026-04-16,early,174137501644924,01-741375-01-00,2483,20963301,30,Final Test Radar NOK,635,15.883
2026-04-16,late,174056704937738,01-740567-04-00,2026,20963887,190,Barcode/datamatrix code quality NOK,488,15.695
2026-04-16,late,174137501465779,01-741375-01-00,2026,20963243,250,Automatical optical check NOK,275,15.855
2026-04-16,night,100814205144008,01-008142-05-10,1802,20963253,70,Automatical optical check NOK,275,20.531
2026-04-16,night,174056904677219,01-740569-04-00,2512,20963774,20,Automatical optical check NOK,275,15.659
2026-04-16,night,174057004218238,01-740570-04-00,1812,20963100,250,Miscellaneous Defects,129,17.205
2026-04-16,night,174057004764260,01-740570-04-00,1802,20963933,110,Electrical fault,25,17.285
2026-04-16,night,174137501439084,01-741375-01-00,1792,20963301,70,Final Test Radar NOK,635,15.854
2026-04-16,night,174282601108298,01-742826-01-10,1814,20963537,90,Final Test Radar NOK,635,1.013
2026-04-17,early,174056904153045,01-740569-04-00,1792,20963774,40,Final Test Radar NOK,635,15.627
2026-04-17,early,174137501274235,01-741375-01-00,2483,20963712,70,Final Test Radar NOK,635,NULL
2026-04-17,early,174282301697339,01-742823-01-00,1806,20963245,70,MES Error,640,15.434
2026-04-17,late,100792205876685,01-007922-05-10,2026,20963223,180,Connection Error,602,20.524
2026-04-17,night,174056704639773,01-740567-04-00,2512,20963653,240,MES Error,640,NULL
2026-04-17,night,174056904223598,01-740569-04-00,2026,20963569,90,Final Test Radar NOK,635,15.675
2026-04-17,night,174057004632195,01-740570-04-00,1808,20963933,230,Final Test Radar NOK,635,17.218
2026-04-17,night,174137401845635,01-741374-01-10,1813,20963623,80,Label position NOK,564,15.662
2026-04-18,early,100792205149004,01-007922-05-10,1804,20963685,90,Check of fault status NOK,612,NULL
2026-04-18,early,100814205889303,01-008142-05-10,1807,20963364,220,MES Error,640,20.508
2026-04-18,early,174056704568795,01-740567-04-00,2010,20963653,20,Automatical optical check NOK,275,15.678
2026-04-18,early,174057004846261,01-740570-04-00,1807,20963223,70,Barcode/datamatrix code quality NOK,488,17.202
2026-04-18,early,174282301295472,01-742823-01-00,1807,20963933,250,MES Error,640,15.436
2026-04-18,early,174282601475644,01-742826-01-10,1808,20963537,300,Final Test Radar NOK,635,0.922
2026-04-18,late,100792205483474,01-007922-05-10,1792,20963183,220,Connection Error,602,NULL
2026-04-18,late,100814205661811,01-008142-05-10,2513,20963240,190,Final Test Radar NOK,635,20.529
2026-04-18,late,174056704129448,01-740567-04-00,1814,20963119,260,Final Test Radar NOK,635,15.647
2026-04-18,late,174056804987873,01-740568-04-00,1802,20963114,50,Miscellaneous Defects,129,11.618
2026-04-18,late,174056904471920,01-740569-04-00,1795,20963050,110,Solder paste inspection NOK,680,15.655
2026-04-18,late,174137501575435,01-741375-01-00,2010,20963848,70,Final Test Radar NOK,635,15.856
2026-04-18,night,100792205704660,01-007922-05-10,1808,20963183,120,Machine system error test chamber,642,20.492
2026-04-18,night,174056904669054,01-740569-04-00,1807,20963569,220,Final Test Radar NOK,635,15.653
2026-04-18,night,174137401939317,01-741374-01-20,1807,20963183,60,Final Test Radar NOK,635,15.128
2026-04-18,night,174137501125691,01-741375-01-00,1814,20963611,250,Milling NOK,638,15.889
2026-04-18,night,174282401520252,01-742824-01-10,1795,20963304,60,Miscellaneous Defects,129,15.159
2026-04-18,night,174282401525362,01-742824-01-10,2512,20963304,80,MES Error,640,15.212
2026-04-18,night,174282601220236,01-742826-01-10,1792,20963109,360,Final Test Radar NOK,635,0.948
2026-04-19,early,100792205795559,01-007922-05-10,1794,20963045,40,Final Test Radar NOK,635,20.526
2026-04-19,early,174137401133782,01-741374-01-10,2483,20963623,360,Miscellaneous Defects,129,15.634
2026-04-19,late,100792205660060,01-007922-05-10,1795,20963848,180,MES Error,640,20.507
2026-04-19,late,174056804548614,01-740568-04-00,1806,20963578,190,Final Test Radar NOK,635,11.651
2026-04-19,late,174056904825621,01-740569-04-00,2513,20963774,120,Final Test Radar NOK,635,15.660
2026-04-19,late,174056904850905,01-740569-04-00,2483,20963774,90,Final Test Radar NOK,635,15.623
2026-04-19,late,174137501614034,01-741375-01-00,2026,20963537,360,Final Test Radar NOK,635,15.874
2026-04-19,night,174056804481405,01-740568-04-00,1814,20963964,60,Automatical optical check NOK,275,11.644
2026-04-19,night,174282501272752,01-742825-01-00,1792,20963320,50,Machine system error test chamber,642,2.532
2026-04-19,night,174282501476224,01-742825-01-00,1794,20963611,90,MES Error,640,2.533
2026-04-19,night,174282501649437,01-742825-01-00,1806,20963248,250,Final Test Radar NOK,635,2.578
2026-04-19,night,174282601352528,01-742826-01-10,2513,20963537,300,Barcode/datamatrix code quality NOK,488,0.943
2026-04-20,early,174056804938139,01-740568-04-00,1814,20963578,120,Automatical optical check NOK,275,11.632
2026-04-20,late,100792205149439,01-007922-05-10,1794,20963685,220,Final Test Radar NOK,635,20.471
2026-04-20,late,100792205315697,01-007922-05-10,1806,20963685,80,Final Test Radar NOK,635,NULL
2026-04-20,late,174056704990324,01-740567-04-00,2512,20963638,60,Final Test Radar NOK,635,15.686
2026-04-20,late,174056904738331,01-740569-04-00,1808,20963774,120,Solder paste inspection NOK,680,15.632
2026-04-20,late,174137401954551,01-741374-01-10,1814,20963638,70,Automatical optical check NOK,275,15.706
2026-04-20,late,174282301682789,01-742823-01-00,1792,20963245,250,Cleaning process error,618,15.389
2026-04-20,night,174056704757756,01-740567-04-00,1792,20963653,90,Barcode/datamatrix code quality NOK,488,15.669
2026-04-20,night,174057004307772,01-740570-04-00,1808,20963047,120,Final Test Radar NOK,635,17.275
2026-04-20,night,174137501236850,01-741375-01-00,2010,20963243,250,MES Error,640,15.841
2026-04-20,night,174282501325468,01-742825-01-00,2483,20963109,230,Final Test Radar NOK,635,2.551
2026-04-21,early,100792205752440,01-007922-05-10,1812,20963712,110,Final Test Radar NOK,635,20.466
2026-04-21,early,174056904326531,01-740569-04-00,1795,20963774,190,Press fit NOK,620,15.655
2026-04-21,early,174056904509660,01-740569-04-00,1806,20963774,110,Automatical optical check NOK,275,15.621
2026-04-21,early,174137501576126,01-741375-01-00,1792,20963611,70,Automatical optical check NOK,275,15.897
2026-04-21,late,100792205447148,01-007922-05-10,2010,20963712,110,Final Test Radar NOK,635,20.535
2026-04-21,late,100814205314828,01-008142-05-10,1812,20963253,220,Electrical fault,25,20.482
2026-04-21,late,174057004224853,01-740570-04-00,2026,20963100,260,Miscellaneous Defects,129,17.265
2026-04-21,late,174282401892269,01-742824-01-10,2026,20963248,190,Final Test Radar NOK,635,15.219
2026-04-21,late,174282501721082,01-742825-01-00,1804,20963320,100,Electrical fault,25,2.579
2026-04-21,late,174282601488019,01-742826-01-10,2010,20963537,250,X-Ray inspection (AXI) NOK,616,0.928
2026-04-21,night,174056804280463,01-740568-04-00,2483,20963114,80,Solder paste inspection NOK,680,11.676
2026-04-21,night,174137501805875,01-741375-01-00,1807,20963653,80,MES Error,640,15.861
2026-04-21,night,174282301742513,01-742823-01-00,1814,20963245,50,Solder paste inspection NOK,680,15.402
2026-04-21,night,174282501759172,01-742825-01-00,1807,20963066,30,X-Ray inspection (AXI) NOK,616,2.525
2026-04-21,night,174282601887619,01-742826-01-10,1806,20963109,250,Machine Error,599,0.921
2026-04-22,early,174056704256557,01-740567-04-00,1812,20963452,20,Final Test Radar NOK,635,15.708
2026-04-22,early,174282401656666,01-742824-01-10,2010,20963848,250,Automatical optical check NOK,275,15.219
2026-04-22,late,100814205932831,01-008142-05-10,1794,20963240,360,Final Test Radar NOK,635,20.493
2026-04-22,late,174056704984027,01-740567-04-00,1814,20963119,260,Final Test Radar NOK,635,15.630
2026-04-22,late,174057004207892,01-740570-04-00,1813,20963047,70,Dispensing sealant NOK,633,17.285
2026-04-22,late,174282301401222,01-742823-01-00,2513,20963245,120,Final Test Radar NOK,635,15.391
2026-04-22,late,174282401684483,01-742824-01-10,2483,20963304,220,Automatical optical check NOK,275,15.236
2026-04-22,night,174056804135415,01-740568-04-00,1812,20963119,120,Miscellaneous Defects,129,11.602
2026-04-22,night,174057004797335,01-740570-04-00,1804,20963933,230,Connection Error,602,17.197
2026-04-22,night,174137401585548,01-741374-01-10,1794,20963638,90,Miscellaneous Defects,129,15.687
2026-04-22,night,174282301171635,01-742823-01-00,2010,20963767,70,MES Error,640,15.434
2026-04-22,night,174282601185362,01-742826-01-10,2513,20963452,360,Automatical optical check NOK,275,0.995
2026-04-23,early,174137401205742,01-741374-01-10,1806,20963685,260,Machine system error Label Verification,644,15.680
2026-04-23,early,174282401820480,01-742824-01-10,1807,20963304,120,Cleaning process error,618,15.202
2026-04-23,late,174056704493892,01-740567-04-00,1795,20963119,260,Barcode/datamatrix code quality NOK,488,15.675
2026-04-23,late,174056704946188,01-740567-04-00,2513,20963964,260,MES Error,640,15.676
2026-04-23,late,174282401869177,01-742824-01-10,1795,20963623,40,Miscellaneous Defects,129,15.235
2026-04-23,night,100814205747298,01-008142-05-10,1806,20963243,100,Machine Error,599,20.484
2026-04-23,night,174056704255063,01-740567-04-00,1795,20963653,180,Automatical optical check NOK,275,15.638
2026-04-23,night,174056804244955,01-740568-04-00,1806,20963774,50,MES Error,640,11.695
2026-04-23,night,174057004189026,01-740570-04-00,1802,20963100,250,Barcode/datamatrix code quality NOK,488,17.254
2026-04-23,night,174057004383551,01-740570-04-00,1806,20963712,360,Milling NOK,638,17.246
2026-04-23,night,174057004615138,01-740570-04-00,1804,20963100,260,MES Error,640,17.195
2026-04-23,night,174057004938792,01-740570-04-00,1802,20963047,240,Barcode/datamatrix code quality NOK,488,17.282
2026-04-23,night,174137401168034,01-741374-01-10,2010,20963638,230,Solder paste inspection NOK,680,15.678
2026-04-24,early,100792205623706,01-007922-05-10,1814,20963183,50,Final Test Radar NOK,635,20.466
2026-04-24,early,100814205927607,01-008142-05-10,1812,20963797,90,MES Error,640,20.477
2026-04-24,early,174056804790855,01-740568-04-00,1795,20963964,110,Machine system error test chamber,642,11.666
2026-04-24,early,174056804958679,01-740568-04-00,1806,20963245,80,Final Test Radar NOK,635,11.681
2026-04-24,early,174056904390910,01-740569-04-00,2010,20963674,60,Miscellaneous Defects,129,15.698
2026-04-24,early,174056904475090,01-740569-04-00,1808,20963774,20,Machine system error test chamber,642,15.638
2026-04-24,early,174137401605382,01-741374-01-20,1802,20963846,100,Automatical optical check NOK,275,15.129
2026-04-24,early,174282501438590,01-742825-01-00,1814,20963243,120,Miscellaneous Defects,129,2.578
2026-04-24,early,174282601123950,01-742826-01-10,1804,20963223,300,Machine Error,599,0.998
2026-04-24,late,100814205614646,01-008142-05-10,1806,20963253,250,Final Test Radar NOK,635,20.480
2026-04-24,late,174056804599694,01-740568-04-00,2512,20963114,120,Barcode/datamatrix code quality NOK,488,11.672
2026-04-24,late,174057004184170,01-740570-04-00,1812,20963933,190,Barcode/datamatrix code quality NOK,488,17.207
2026-04-24,late,174137401156136,01-741374-01-20,2026,20963452,60,Final Test Radar NOK,635,15.117
2026-04-24,late,174282601272795,01-742826-01-10,2026,20963452,180,MES Error,640,0.931
2026-04-24,night,174056804194693,01-740568-04-00,2026,20963797,60,Final Test Radar NOK,635,11.611
2026-04-24,night,174282501570627,01-742825-01-00,1794,20963320,250,MES Error,640,2.601
2026-04-25,early,100792205515594,01-007922-05-10,1813,20963712,90,Milling NOK,638,20.506
2026-04-25,early,174056904285685,01-740569-04-00,1814,20963774,110,Final Test Radar NOK,635,15.612
2026-04-25,early,174137401423939,01-741374-01-20,2026,20963452,30,Machine system error Label Verification,644,15.086
2026-04-25,early,174137401423939,01-741374-01-20,2512,20963452,30,Machine system error Label Verification,644,15.086
2026-04-25,early,174282601462645,01-742826-01-10,1795,20963774,220,Solder paste inspection NOK,680,0.994
2026-04-25,late,100792205408137,01-007922-05-10,1807,20963767,60,Machine system error test chamber,642,20.528
2026-04-25,late,100792205969056,01-007922-05-10,2010,20963712,120,Final Test Radar NOK,635,20.509
2026-04-25,late,174282301187298,01-742823-01-00,1812,20963245,220,Barcode/datamatrix code quality NOK,488,15.434
2026-04-25,late,174282501445522,01-742825-01-00,1802,20963320,60,Final Test Radar NOK,635,2.569
2026-04-25,night,174056704325247,01-740567-04-00,1806,20963183,120,MES Error,640,15.633
2026-04-25,night,174056904117233,01-740569-04-00,1808,20963774,60,Final Test Radar NOK,635,15.653
2026-04-25,night,174137401190831,01-741374-01-10,1813,20963674,260,Final Test Radar NOK,635,15.680
2026-04-25,night,174282401249375,01-742824-01-10,1806,20963304,70,Final Test Radar NOK,635,15.212
2026-04-26,early,174056704116817,01-740567-04-00,2483,20963047,20,Assemble/close housing failure,46,15.644
2026-04-26,early,174056804879779,01-740568-04-00,2513,20963964,230,Final Test Radar NOK,635,11.675
2026-04-26,early,174137401643269,01-741374-01-20,1804,20963452,110,Machine Error,599,15.066
2026-04-26,early,174282501458143,01-742825-01-00,1807,20963047,240,MES Error,640,2.570
2026-04-26,early,174282501940069,01-742825-01-00,2010,20963066,70,Final Test Radar NOK,635,2.581
2026-04-26,early,174282601430873,01-742826-01-10,1812,20963537,240,Final Test Radar NOK,635,0.982
2026-04-26,early,174282601791174,01-742826-01-10,2512,20963109,180,Connection Error,602,0.946
2026-04-26,late,100814205525608,01-008142-05-10,1804,20963364,260,Automatical optical check NOK,275,20.445
2026-04-26,late,174137401878910,01-741374-01-10,1804,20963623,300,Automatical optical check NOK,275,15.627
2026-04-26,night,100814205861911,01-008142-05-10,1794,20963320,250,Solder paste printing missing,623,20.476
2026-04-26,night,174056804994911,01-740568-04-00,2512,20963964,60,Final Test Radar NOK,635,11.672
2026-04-26,night,174056904139548,01-740569-04-00,1794,20963047,250,Solder paste inspection NOK,680,15.669
2026-04-26,night,174137401356496,01-741374-01-10,2026,20963623,20,MES Error,640,15.683
2026-04-26,night,174282501311524,01-742825-01-00,1794,20963066,90,Final Test Radar NOK,635,2.519
2026-04-27,early,100792205960950,01-007922-05-10,1792,20963712,360,Machine system error Label Verification,644,20.503
2026-04-27,early,100814205150483,01-008142-05-10,1792,20963240,190,Final Test Radar NOK,635,20.536
2026-04-27,early,100814205818983,01-008142-05-10,1806,20963253,300,MES Error,640,NULL
2026-04-27,early,174056704537030,01-740567-04-00,1812,20963653,80,Solder paste inspection NOK,680,15.647
2026-04-27,early,174056904193811,01-740569-04-00,1812,20963741,30,Assemble/close housing failure,46,15.631
2026-04-27,early,174056904906824,01-740569-04-00,1812,20963050,90,MES Error,640,15.650
2026-04-27,early,174137501589887,01-741375-01-00,1795,20963243,230,Electrical fault,25,15.840
2026-04-27,late,174056704734617,01-740567-04-00,1808,20963653,230,Final Test Radar NOK,635,15.633
2026-04-27,late,174056904912609,01-740569-04-00,1812,20963569,230,Final Test Radar NOK,635,15.710
2026-04-27,night,174056904219786,01-740569-04-00,1795,20963774,230,Final Test Radar NOK,635,15.672
2026-04-27,night,174056904502537,01-740569-04-00,1812,20963050,190,Final Test Radar NOK,635,15.614
2026-04-27,night,174137401188914,01-741374-01-20,1814,20963848,250,Automatical optical check NOK,275,15.131
2026-04-28,early,174057004327989,01-740570-04-00,1814,20963100,360,Machine system error test chamber,642,17.289
2026-04-28,early,174057004866278,01-740570-04-00,1802,20963100,180,Final Test Radar NOK,635,17.246
2026-04-28,late,100792205377900,01-007922-05-10,2483,20963183,360,Machine system error Label Verification,644,20.502
2026-04-28,late,174056804148454,01-740568-04-00,1792,20963767,220,MES Error,640,11.644
2026-04-28,night,174137501286836,01-741375-01-00,1804,20963301,40,Final Test Radar NOK,635,15.839
2026-04-28,night,174137501363076,01-741375-01-00,2026,20963243,180,Final Test Radar NOK,635,15.879
2026-04-29,early,100792205167853,01-007922-05-10,2010,20963741,80,Final Test Radar NOK,635,20.460
2026-04-29,early,100792205640027,01-007922-05-10,1814,20963248,60,MES Error,640,20.530
2026-04-29,early,174056704804378,01-740567-04-00,2483,20963887,220,Final Test Radar NOK,635,15.645
2026-04-29,early,174137401394335,01-741374-01-20,1812,20963846,40,Final Test Radar NOK,635,15.127
2026-04-29,early,174282501364178,01-742825-01-00,1802,20963320,360,Final Test Radar NOK,635,2.608
2026-04-29,late,100814205878246,01-008142-05-10,2010,20963240,190,MES Error,640,20.471
2026-04-29,late,174056704128535,01-740567-04-00,1812,20963119,190,Final Test Radar NOK,635,15.648
2026-04-29,late,174056904574379,01-740569-04-00,2512,20963364,190,Electrical fault,25,15.683
2026-04-29,late,174056904757685,01-740569-04-00,1814,20963741,60,MES Error,640,15.617
2026-04-29,late,174057004106550,01-740570-04-00,2513,20963364,40,Automatical optical check NOK,275,17.284
2026-04-29,late,174057004131236,01-740570-04-00,1814,20963047,190,MES Error,640,17.200
2026-04-29,late,174282501695370,01-742825-01-00,1804,20963320,40,MES Error,640,2.520
2026-04-29,night,100792205202294,01-007922-05-10,1814,20963183,40,Final Test Radar NOK,635,NULL
2026-04-29,night,100792205884096,01-007922-05-10,1802,20963223,40,Final Test Radar NOK,635,20.537
2026-04-29,night,174056704602337,01-740567-04-00,1813,20963119,50,Dispensing sealant NOK,633,15.619
2026-04-29,night,174056904525642,01-740569-04-00,2483,20963774,60,Final Test Radar NOK,635,15.657
2026-04-29,night,174137401518728,01-741374-01-10,2513,20963623,60,Check of fault status NOK,612,15.663

